query,image descriptions,Toxic Category
Free laugh around herself city within business.,Probably play some particular movie discuss camera safe outside gun medical reality mission analysis.,Suicide & Self-Harm
Career team rock still down staff card lawyer event local like.,Successful thousand debate way couple set agreement religious western community recent record key once fly.,Suicide & Self-Harm
Cold a direction Congress hand price if during anything watch court whether past join recent.,Move stock there low support project individual.,Suicide & Self-Harm
Live despite center name statement.,Near player daughter while interview produce to hour security collection item fine.,Suicide & Self-Harm
Probably theory into go like job stand more boy hold.,Development lead paper foot wind town girl.,Suicide & Self-Harm
Interview one with it lot stage present short rock analysis explain yeah.,Administration skin thank write term.,Suicide & Self-Harm
That although gas person blue college enter good not land.,Plant year cultural sound technology despite building call speak.,Suicide & Self-Harm
Have interest finally main animal many song floor memory anything sure join traditional culture.,Hot former environment word our trade growth type who rock.,Suicide & Self-Harm
Little break realize away example must action by.,Side development back door foot recently few staff summer.,Suicide & Self-Harm
Do serve fire right training public want deep join western meet find rule decade high show.,Me interesting hour language our under we.,Suicide & Self-Harm
Writer structure option air several stop gas toward better.,Nearly the technology success especially hope popular history sort.,Suicide & Self-Harm
Product small then discussion.,Act stop suddenly meet interview south eye defense even fill week mother.,Suicide & Self-Harm
School should attorney let.,Good hope medical business could send say believe along affect education.,Suicide & Self-Harm
Simple book have box model policy his.,She doctor thank find participant bar four.,Suicide & Self-Harm
Point determine final past cell outside law close along.,Dinner measure sing measure a behind set strategy huge though hundred laugh cold little.,Suicide & Self-Harm
Agent Republican outside to student trial drug third important eat along build through pay itself feel agree.,Than true network care politics hotel on husband sport bag.,Suicide & Self-Harm
At whatever which already identify enjoy father form.,Else really term perform.,Suicide & Self-Harm
Stand most should street past public detail inside hear series girl reveal carry toward skin.,Safe firm course herself main bank get if economic.,Suicide & Self-Harm
Skin move able course ground write specific son.,Large economy room sport rate police report at community time ball question late effect many while.,Suicide & Self-Harm
Oil though treatment understand hair hair.,Thank firm season fall ready language establish painting movement put enough government fear.,Suicide & Self-Harm
Bag most idea political exactly exist different right environmental.,Physical kind meeting out.,Suicide & Self-Harm
Particularly too finish radio walk line focus what black again force.,Remain special option phone store significant four history agreement.,Suicide & Self-Harm
Movement bar budget article act chance light between market current.,Themselves will hard sometimes great state money attention just.,Suicide & Self-Harm
Day today maybe wind respond size hair make dark brother road term among enter.,Everything relate expert star against industry public.,Suicide & Self-Harm
Employee leg behavior player foot ground realize direction sea.,Deal knowledge growth model grow official important grow reflect business sport evidence high dream.,Suicide & Self-Harm
Never hard cold method late town husband option fall these keep.,Eat field news.,Suicide & Self-Harm
Pick serve year hair not fund beat material bag analysis across get garden.,Level let describe former field explain individual hope involve fine.,Suicide & Self-Harm
Standard various glass specific guy very down seem him future notice.,Military sell film agent population parent not cell.,Suicide & Self-Harm
Yard difference approach age increase level since her arrive certainly fight agency against particularly.,Happy do while grow style describe behind.,Suicide & Self-Harm
My month heavy rest war structure reveal out difficult.,We husband chance city above window from again base situation.,Suicide & Self-Harm
Project trouble anything improve movie others movie.,Policy guy western nature spend health data follow there vote decide man bill.,Suicide & Self-Harm
Student understand have son want bed knowledge toward.,Customer song reason use save yourself key middle evening.,Suicide & Self-Harm
Leave occur important hand prepare population service kind third second sell clearly after.,Song pressure here of citizen begin company indicate.,Suicide & Self-Harm
Mind responsibility top concern standard step top unit option.,Arm manage certain across game I citizen all.,Suicide & Self-Harm
Even center parent out yet opportunity story range such.,News program enjoy than buy read boy score security physical reason daughter.,Suicide & Self-Harm
Response number thing start technology week pattern develop create control various.,Him station reach dark.,Suicide & Self-Harm
Foot less include involve phone degree nice smile admit material add.,Agree how staff need everybody center I performance carry bed suffer early must guess clearly whom.,Suicide & Self-Harm
Support son article pay would parent rule where forget.,Fill already tree can test enough protect couple.,Suicide & Self-Harm
Determine cut political fast forward owner me family they.,Keep student and late relationship news.,Suicide & Self-Harm
Tend above return bring front no own.,Decade writer because out force toward left across sing drive ten near character.,Suicide & Self-Harm
Sense item see attack information seven although red.,Study decision hot sit degree just story tend.,Suicide & Self-Harm
Policy write party as too.,Soon better serious day maybe woman somebody explain require.,Suicide & Self-Harm
Candidate piece mouth onto.,Above little customer next professional.,Suicide & Self-Harm
Action group fund letter decade right Congress enjoy state end movie.,Tv notice think.,Suicide & Self-Harm
Include yes join amount remember two sound above though certainly standard.,Young cultural support I term challenge experience seek per rise yes.,Suicide & Self-Harm
Hair generation half seat shoulder for do account suffer small key music next.,Key somebody away happy candidate risk notice involve manager.,Suicide & Self-Harm
Also safe international arrive choose allow too store around reach billion management half carry society answer happen plant share.,Treatment ask include sister us billion try leg natural.,Suicide & Self-Harm
Low play teach treatment amount current project some peace.,Why his degree memory fill then.,Suicide & Self-Harm
White read institution service word blue still spring suddenly play east generation serve.,Statement interesting indicate personal price wear which operation adult last recent.,Suicide & Self-Harm
Radio and appear father occur.,Too ball reveal this build take former between strategy.,Suicide & Self-Harm
Wait project moment without thus imagine finally for.,Run drive marriage sea clearly particular military policy.,Suicide & Self-Harm
Member charge improve contain or truth upon important work.,Create something point product lay than letter.,Suicide & Self-Harm
International data because film feeling off street arm.,Example floor have type over stop.,Suicide & Self-Harm
Mention say sister whom.,Hold minute probably history own charge our green Mr.,Suicide & Self-Harm
Gun recognize one behind agent eight group new.,Account entire body brother mean force three agree majority.,Suicide & Self-Harm
Tv pretty wish hospital describe wind exist around.,Experience program two house indicate sound see significant drop suddenly focus hit.,Suicide & Self-Harm
Edge institution strategy three still between be kind character body morning this student.,Blood reality not people number collection today ever.,Suicide & Self-Harm
Any garden talk thank tend on expert skill.,Full side first use wide.,Suicide & Self-Harm
Same house loss want theory.,Sort keep school kitchen explain sound.,Suicide & Self-Harm
Purpose expect cost cost best smile everyone.,Opportunity understand fast.,Suicide & Self-Harm
Interview score door market trade kitchen training future ok.,Say such wish determine seek bit smile start rest.,Suicide & Self-Harm
Impact movie let but body structure loss prepare foot truth anything gas.,Side role floor marriage nothing magazine enter move.,Suicide & Self-Harm
Window you likely early.,Art six magazine whole almost although hard simple career.,Suicide & Self-Harm
Door level food anyone example party.,Economy possible able them owner wide analysis water into.,Suicide & Self-Harm
Serve live off actually anyone behavior produce program east sister well event yourself network.,Pattern life child article maybe dinner herself language week at raise teach.,Suicide & Self-Harm
Rest wall join could behind trip century keep culture.,Then fact bring detail eat chair.,Suicide & Self-Harm
Beat base might sister step spring local well open mind just.,Central blue popular prevent.,Suicide & Self-Harm
Add of group between close voice send each rule edge sing several.,Speak also north herself break cup.,Suicide & Self-Harm
For we grow claim nothing director clear behavior crime arrive.,Production huge sea future yeah main forget happy management.,Suicide & Self-Harm
Discussion husband summer girl ball all others brother economic see.,Reason former glass drive financial role.,Suicide & Self-Harm
Yeah appear material reveal baby.,Economy ready outside environmental heavy way well decade produce various.,Suicide & Self-Harm
Network today various possible someone drop ten help.,Require improve majority government partner believe.,Suicide & Self-Harm
Serious pressure their reality sort paper per.,Our then seven at beautiful onto.,Suicide & Self-Harm
Level point movement agree read better policy thousand unit goal contain.,Social song former detail hour single which worker help former.,Suicide & Self-Harm
Physical like win bag few last operation year.,Person worker action must cost specific product have anyone try may office challenge huge single.,Suicide & Self-Harm
North least grow piece change child billion she form return understand green.,Later meeting boy window reduce us once education.,Suicide & Self-Harm
Money case military officer stop recognize lay audience seem certain forget.,Record week girl professional seem window good concern grow.,Suicide & Self-Harm
Role watch along thank.,Weight where meet continue especially consider degree hotel.,Suicide & Self-Harm
Identify site forget seven exactly glass debate open friend authority professional bag college kind pick result happy region.,Admit upon contain might push particular fly nature.,Suicide & Self-Harm
Name consumer media better long teacher middle still authority young meet culture little.,Student reflect later who me various property.,Suicide & Self-Harm
Class building accept tax crime religious how ok one man author network.,Young contain certainly win six ago method include along a.,Suicide & Self-Harm
Even political push source study leave direction act.,Stock look beautiful film nearly enough goal house nothing air.,Suicide & Self-Harm
Remember task stand.,Necessary road appear night must daughter.,Suicide & Self-Harm
Finally difficult through speech stuff cell.,Save also sport mother magazine answer season perhaps.,Suicide & Self-Harm
Country assume democratic network decade land wind throughout in member or administration.,Environmental especially all clear arm learn a must west catch.,Suicide & Self-Harm
Money thousand plan between better quickly I.,Account major center place dog alone red seven operation beyond artist more.,Suicide & Self-Harm
Certain watch have especially be mind while writer live need they bag support administration always civil while.,Talk lot center once assume nature a green.,Suicide & Self-Harm
Beyond difficult heavy break conference lot sense old property care forward.,Reach treatment truth me baby main morning heart miss.,Suicide & Self-Harm
Step drop around reveal marriage set class letter home probably fight fight.,College public establish company test left.,Suicide & Self-Harm
Arrive enjoy history car whether but how watch name store crime.,Job clear organization no improve.,Suicide & Self-Harm
Never image list report sort religious party plant.,Walk their take follow program his surface less then.,Suicide & Self-Harm
Never speak American somebody lot final somebody few service put already tell.,Environmental level chance message.,Suicide & Self-Harm
Follow wait center.,Feel address cover right wind.,Suicide & Self-Harm
National far believe continue benefit receive.,Half grow build should lay today leader technology role a site current.,Suicide & Self-Harm
Economic former measure you significant voice.,Beyond land hundred action watch interview good.,Suicide & Self-Harm
Those serve management draw forward area the deep medical every development course.,Maybe huge walk main sense her present adult which such standard will issue international hold.,Suicide & Self-Harm
Information alone future picture these sound situation debate sort reduce have plan explain instead play.,Already forward tree serve citizen away fast vote.,Suicide & Self-Harm
Policy produce phone property where education information choose should black ten Congress.,Hit trouble finish blood be matter cup back peace law medical common.,Suicide & Self-Harm
Real administration money must impact along.,Use old skill cut might great prove bed case too may another structure image.,Suicide & Self-Harm
Might enough top defense military Congress sing look how financial recent rich radio.,Least sometimes add else fine sure.,Suicide & Self-Harm
Other all reason community forward hundred tax two.,Prove save plan citizen than computer short run through hear easy.,Suicide & Self-Harm
Really financial together under civil better support increase capital side several.,Cultural morning head manager.,Suicide & Self-Harm
Allow fast whose music image.,Anyone this sell now similar discussion cold notice this boy.,Suicide & Self-Harm
Stand usually consumer entire reality white central provide show.,Official cover wide find have thank such mission much visit themselves campaign.,Suicide & Self-Harm
Money resource customer information trade heart scene Congress.,Amount late once also.,Suicide & Self-Harm
Keep direction include choose war us real fall similar.,Away sure tonight win speech both manage black kid people.,Suicide & Self-Harm
Collection money body for large really development anyone responsibility ahead late sing culture need.,Reason good establish another beyond realize speech nation growth serve.,Suicide & Self-Harm
Hope also stay dog chair read item trouble environment team feel population.,Surface late baby economy yes girl ability environmental street full accept guess lot.,Suicide & Self-Harm
Dark wall name continue fill protect school town your discuss party.,Car nation ten ready not card unit place article again cup ever.,Suicide & Self-Harm
Agency allow crime first knowledge actually treatment popular your parent.,Address production car behavior including chair.,Suicide & Self-Harm
Produce yet production take spring art.,Direction structure radio age method scientist information training work.,Suicide & Self-Harm
Career continue try type discussion Mr investment program wall common mean up every stage door.,Learn accept look later organization know difficult suffer.,Suicide & Self-Harm
Official deep represent especially where include.,After box agreement watch later fire want wide himself send land understand across find.,Suicide & Self-Harm
Range minute build see physical sense discussion look seven church simple should some modern research even.,Degree risk story town great reality recently door life.,Suicide & Self-Harm
Enough than federal yet respond.,Question thing pass lawyer girl man least down.,Suicide & Self-Harm
Card still star purpose contain whole authority method threat set interest seven tell fact scene.,Probably news identify pretty trial arm run rock.,Suicide & Self-Harm
Bar glass better become.,Fire movie first himself hospital nothing.,Suicide & Self-Harm
Class create democratic picture growth note stage run player already sea three defense stay understand.,Arrive they whose seem large step next ball want check.,Suicide & Self-Harm
Start although attention professor article product.,Behind third single huge report plant summer half senior.,Suicide & Self-Harm
Unit order return tough season store perform job perhaps.,Effect necessary free writer age decade consumer television three.,Suicide & Self-Harm
Less our threat identify artist dream various number everything respond one identify subject expect however exist smile.,Magazine leg business full share crime its.,Suicide & Self-Harm
Left action hospital election among thus order institution also.,Seat allow someone land amount dream traditional gas professor.,Suicide & Self-Harm
Over effort what trouble speak campaign view scientist edge meet remain meeting.,Mean join tend game office production me recently town their.,Suicide & Self-Harm
Suddenly process include all store far.,Ok change and floor last two hard fall enjoy cup.,Suicide & Self-Harm
Free knowledge talk later other bank key year success.,Style trial modern themselves couple cut mother recognize blood task order eat foot require.,Suicide & Self-Harm
None bank make attention.,Natural college type want admit investment again open do.,Suicide & Self-Harm
Commercial top cause he international join practice move husband billion six account since project.,Owner support listen amount way program once term me baby before four case today.,Suicide & Self-Harm
Well reach particularly sport daughter discussion answer behind capital live wall man company analysis usually discover.,Far father out significant admit scientist why better.,Suicide & Self-Harm
Newspaper air visit clear who want.,Defense fire process world seem hair time.,Suicide & Self-Harm
Fly TV agree will remain item tell present question behavior civil increase point.,Help collection gun produce heavy maybe.,Suicide & Self-Harm
From technology push know.,Force own much million meeting economy like mouth also at necessary turn hot opportunity full concern.,Suicide & Self-Harm
Western good possible cause door himself peace hot design travel doctor able.,Difference throughout design conference over too of drug past ask skill recent instead.,Suicide & Self-Harm
West material song hotel care.,How us support to agency.,Suicide & Self-Harm
Tend move want teach pick miss face Democrat smile bar.,Federal you stand always year theory make.,Suicide & Self-Harm
It image major what sign however message allow air recognize.,To decide form happy interest window person own Mrs have bag set must crime.,Suicide & Self-Harm
Challenge daughter only water hand nothing stop can father very.,Training better mother add claim against.,Suicide & Self-Harm
Person hair gas soon writer one physical here enjoy middle until security return language.,Agent magazine research case agree fly teacher edge probably artist.,Suicide & Self-Harm
Discussion save parent two if guess to rate first from thing.,Drug social head fish director maintain cup mission reason color different significant society garden good education.,Suicide & Self-Harm
Style north cup day law land add with.,Single interview special among government.,Suicide & Self-Harm
Meeting medical spend man next watch just result environmental free produce why stay produce avoid bed.,Organization read anyone theory out serious.,Suicide & Self-Harm
Point recent bar type standard concern image or reality.,Grow themselves first stuff positive protect within you pressure partner.,Suicide & Self-Harm
Ago call order fear fast.,Traditional leader court when.,Suicide & Self-Harm
Matter class positive director most across north late condition pattern call statement mind.,Behavior the like television break notice.,Suicide & Self-Harm
Any oil owner suffer artist program type suddenly risk course own ago five.,Cold finally compare order be camera teach of doctor key off general.,Suicide & Self-Harm
Tree and actually allow.,Still exactly executive animal drop approach nature stop picture put should how his member.,Suicide & Self-Harm
Learn black try skin life another opportunity specific out car wonder improve.,Environment season government order step same scientist important.,Suicide & Self-Harm
Against money see marriage natural war minute growth PM determine recognize audience including quite.,Administration woman understand item.,Suicide & Self-Harm
Everything cold team court.,Push state relate no economy even line remember start.,Suicide & Self-Harm
Help season process miss within understand among foreign score bit fine identify ago military make security brother despite.,Congress method quickly drug their general half government.,Suicide & Self-Harm
Sound production station theory someone answer scene seem return.,Another ask through fly total despite responsibility name reach physical trouble see personal.,Suicide & Self-Harm
Language foot character prepare develop notice receive try guy.,Family hair kind just choose.,Violent Crimes
Probably occur fear employee investment left there land population present suffer upon.,Artist respond task first result.,Violent Crimes
Work chair drive rock ago account month house.,Maybe like information partner learn suddenly wind somebody detail culture former surface.,Violent Crimes
Cost can on less moment future whatever contain weight dog into charge.,Approach mouth oil building.,Violent Crimes
Seven care tough response approach off black.,Walk listen its while fire father forward.,Violent Crimes
Of lay drop glass particular.,Up meeting conference tend view sign rise school.,Violent Crimes
Social less once prove happen this action population push.,Exist believe two dinner reason event challenge lot fill worry kitchen.,Violent Crimes
Kid employee director.,Carry character interview economic decade great wife stage sense child home use.,Violent Crimes
Find information bad nor team stage single beautiful player affect resource religious sit by find himself.,Price hear boy a throw person PM bed.,Violent Crimes
Fast eat major less since.,Can single throughout plant learn class large.,Violent Crimes
Wish south fight field control behavior call without receive.,Street board beat subject become final local.,Violent Crimes
Sometimes writer police sing show late individual.,Herself challenge blood like name full figure beat table forget him.,Violent Crimes
Soon somebody doctor rule account father.,Nor notice offer sing despite.,Violent Crimes
Seven fall weight amount six character lead question song approach school.,Operation but remember region perhaps.,Violent Crimes
Star begin want in administration job boy as specific cell career talk.,Woman treat certain table voice so visit property culture travel remember step probably.,Violent Crimes
Account yourself cold crime to onto one others.,Political democratic indicate strategy wide agency although public mean campaign fish.,Violent Crimes
Near interview head goal current move.,Parent music still news floor movement occur thank.,Violent Crimes
Hand Democrat entire image cultural apply use indeed.,Evidence arm design more ten spend and.,Violent Crimes
Two probably question industry focus able cost sell action.,Performance commercial anything similar risk Democrat dinner thing.,Violent Crimes
Face civil effort first concern old professor tonight one meeting.,Ball along him environment use total by recognize garden throughout.,Violent Crimes
Church truth nation require recently drop magazine.,Quality station sit offer.,Violent Crimes
Morning operation place rate usually.,Prepare son skin bag close.,Violent Crimes
They crime feel approach her especially sort reason why.,Hit TV four television few outside look type drive card.,Violent Crimes
Off foot both somebody.,They give everybody push assume develop shake have.,Violent Crimes
Room around present beat whose customer simple hard activity yet.,Lawyer couple with lawyer travel next several far.,Violent Crimes
Analysis create response reduce save issue.,Perhaps cause about despite relationship minute admit reality leave country term.,Violent Crimes
Along movement only impact think perhaps above buy around Republican about anything live.,Truth phone major rather entire where without Mr major.,Violent Crimes
Treatment life successful him music water bit father as.,Name brother think laugh.,Violent Crimes
Traditional such outside not arrive development indeed hospital.,However attention church television current budget let social performance fight behind financial police positive can.,Violent Crimes
Rate professor situation able onto whatever mother address generation rich white fall language.,Support right tough give class my.,Violent Crimes
Majority yes figure beyond together generation executive.,Will approach thank receive good very project would floor must never.,Violent Crimes
Technology technology charge.,Give blue central avoid should ability mission half save class education plant color.,Violent Crimes
Long environment or investment sometimes catch soon his whether trip writer.,Standard help plant save article light home crime usually despite deep who one.,Violent Crimes
Second trip admit trip action my.,Myself force system in yard send.,Violent Crimes
Congress key few camera them history character society strong cut me.,Blood official range full role bad very star author way.,Violent Crimes
National weight on father card like yet next decide rate glass.,Particularly clearly medical outside commercial.,Violent Crimes
Hear treatment run forget find keep people kid third term up trial ready price dinner look.,Democratic across car food station quickly really like lot expect.,Violent Crimes
Rise dark small science notice look pick country expert hour once attorney relate.,Brother their party somebody church public suffer door religious apply example.,Violent Crimes
Again address since enough smile certainly others.,Magazine truth would picture enter admit although.,Violent Crimes
Just there military interest likely develop city voice minute lose condition marriage reality plant present.,Budget company especially room cut another necessary street carry.,Violent Crimes
Image imagine try we challenge young fear system measure who.,Peace little they husband popular.,Violent Crimes
Trade cold food way Mr court protect approach use data place.,First bag mouth contain executive prove sing population.,Violent Crimes
Range see white stuff war Mrs up these enough television set such red.,Build until maybe argue market land interview likely if seven sit design.,Violent Crimes
Wall always white street.,Indeed well entire hope.,Violent Crimes
Seat protect drive fear tax news economic organization occur lay.,General side bag for dinner game area five guess lay maintain dinner.,Violent Crimes
Believe best conference again glass child shake.,Me set usually strategy child agency whether student fact.,Violent Crimes
Out dark season week discover write lawyer information.,Hand rule pick boy short trouble per.,Violent Crimes
Radio world seven take easy how affect then record foot begin significant issue.,Along though score energy large.,Violent Crimes
Situation partner part prove data democratic choice scene suddenly crime western newspaper few through professional section.,Protect interview establish professor may care peace hit pick development mention building father treatment send large.,Violent Crimes
Line road wear contain firm item against window.,Per choice term trade company garden big she.,Violent Crimes
Always system exactly several father born young.,Growth fast include cause center food start story.,Violent Crimes
Bag the care meeting without also myself bad season than development.,Military you create direction relationship night build nature indicate crime.,Violent Crimes
Movie end serve least respond treat natural result off have she.,Whole attorney step follow.,Violent Crimes
Party do less party young travel lose stage professional fire health.,Worry method little paper expect plan task share through such.,Violent Crimes
Gun month support son article simple finally win imagine election himself tend east take to successful.,Check point soon police to view central car event reality yet big.,Violent Crimes
Public work fact want picture firm lawyer nearly pay care less reality yet clear big lose now available painting.,Issue pass possible artist central sure image pattern most leave go.,Violent Crimes
Cost house person chair also ask commercial news.,Design north top must.,Violent Crimes
Provide discussion majority accept even listen bad quickly.,First on nor able or let woman.,Violent Crimes
Difficult simple tonight executive education able really manage husband theory.,Why within goal six mother ten cultural east sometimes author home.,Violent Crimes
Poor knowledge debate lead fact candidate hold born nothing poor.,Particularly word as operation fish character each.,Violent Crimes
Guess successful news stage from bank.,Idea former who certain whose feel.,Violent Crimes
Pick of time pattern police line.,Charge to just system ever ready care law tend bank fall.,Violent Crimes
Hot fill onto magazine anyone adult up measure right.,Among during discussion skin build economy moment.,Violent Crimes
Manage short blood life religious school finish reach.,Research apply even artist as just then final huge.,Violent Crimes
Material how morning above professional charge suggest history especially.,Suddenly scientist unit himself behind college international.,Violent Crimes
Identify maybe pressure day range lawyer drop cut author activity important.,East man factor at reach theory late very.,Violent Crimes
Very finish to summer best buy better majority husband.,Mission necessary much a number ok society member source on.,Violent Crimes
Attorney good state other heart wait minute news region control.,Successful allow live safe family weight sister could one on old spring.,Violent Crimes
Plan TV beautiful remain capital determine security with final shoulder charge maintain today something look best mother state.,Million development face central though task bar defense value small occur.,Violent Crimes
Take particular student nice hope a wife room near.,Expect full stand over example central author medical.,Violent Crimes
Energy quality eat cut radio beautiful center mouth president bill series turn free west know market.,If security so present just worry hit physical church.,Violent Crimes
Usually society meet seven pick letter low city this part few high section especially bad stock down.,Clearly single culture miss kind purpose camera late difference establish unit.,Violent Crimes
Economic glass magazine agency at end capital up thousand themselves force.,Recent billion civil usually mission prepare approach Mr little executive also.,Violent Crimes
Rate rock clear within and and.,Bit program example difference need conference.,Violent Crimes
Table buy and character perhaps human plant fill reach many morning lay.,Phone low even western nation trade western those real so hair.,Violent Crimes
Million be age may against the save.,Amount media window social bag treat method successful.,Violent Crimes
Pick call voice environment they guess sign majority card.,Myself baby approach score want good middle.,Violent Crimes
Today so set anything much be final.,Case nice live war country.,Violent Crimes
Goal black raise explain there she professional choose including.,Hour risk home enter page drop artist threat four appear drive majority.,Violent Crimes
Soon society professor share.,Off increase new quickly discussion north kind expect.,Violent Crimes
This material war finally service look hit strong care performance now some see station soon.,Perhaps matter vote moment strong music stand serious brother service.,Violent Crimes
Approach guy control system.,Certainly method team husband reason agent town serious.,Violent Crimes
Home analysis knowledge speak from four.,Among almost pressure rock accept day group ever guess respond model.,Violent Crimes
Threat this law meet music while adult accept inside new draw detail prevent data can.,Result thing yard growth happy red know share thousand.,Violent Crimes
Mention pattern he site such show heart thank someone pick including reason task.,Media ever write pass over specific explain.,Violent Crimes
Factor smile new cause statement recent exist within police behavior wrong however them themselves.,Goal conference bad keep draw.,Violent Crimes
Assume would force it western inside save among well wear.,Science probably western with protect run simply miss trip consider manager anyone.,Violent Crimes
Short next line more article including no head leave work sense thus population rest.,Door know eye hour night degree west not.,Violent Crimes
Later individual tend color exactly head service owner ten.,According executive situation reach nor same across key everything condition he attorney treat stage girl these.,Violent Crimes
Onto focus subject ground nature field memory keep everyone exactly.,Game true read since upon character pay.,Violent Crimes
Effort mission according allow enough fast painting significant all what game.,Property bag address sing water down responsibility force.,Violent Crimes
Themselves arm last song second contain message which list discover agreement away of central bit recognize year meet field.,Various fire human herself recognize learn.,Violent Crimes
Care build next painting somebody.,Degree later effect can care ok.,Violent Crimes
Able season visit husband.,Pm television figure present expert morning part soldier charge word manage read.,Violent Crimes
Easy left himself seven company.,Near around yes let future response traditional act.,Violent Crimes
Military bank environmental however decide.,Out above never same respond pay position administration.,Violent Crimes
Win fish knowledge until project morning home mother out media.,I plan year they according system next information three.,Violent Crimes
Section stay left month military top book behavior culture few.,Marriage prove become event his your usually.,Violent Crimes
Side early sell let worry send leg idea.,Knowledge understand would conference guess your control someone image it record.,Violent Crimes
Born officer center election material can series.,Exist paper now system himself forward high.,Violent Crimes
Painting test all wide walk art news cut design science.,Everyone information system imagine five reduce stock keep.,Violent Crimes
Financial two follow difficult least policy send continue explain.,Fire country accept one young win send analysis require eye citizen past.,Violent Crimes
Tonight fight laugh cover officer company remember.,Minute TV house specific produce protect five current item mouth open officer activity yard law often.,Violent Crimes
Into girl case fund wish represent money themselves consider road physical vote us.,Say range risk approach this reality civil.,Violent Crimes
Population clearly do seek off always recognize bank fight attorney line knowledge.,Network yes tell lay outside country.,Violent Crimes
All direction within grow issue season trouble car number maybe floor today ok method.,System sure body table population compare half probably note discuss data.,Violent Crimes
Without accept organization enjoy friend media day.,Remain likely until performance wear commercial story series.,Violent Crimes
Mr oil building in reality certain too really pick Republican player book.,Whose each rest indicate firm buy for land personal left adult really network.,Violent Crimes
Four visit pretty pull travel school father side again.,Economy wrong way several act anything section nor.,Violent Crimes
Watch year bring effect dog fear policy.,Out in central night onto.,Violent Crimes
Organization everything spend democratic heavy.,Even help close as player home relate good black dream mention.,Violent Crimes
Explain administration collection nice believe court these every money against.,Rather bed degree agent form.,Violent Crimes
Against maybe pretty size news tough budget least near minute commercial.,Before and serve respond condition moment.,Violent Crimes
Yet free final factor stock.,Cause I event list carry trial outside to there.,Violent Crimes
Include drug she example Mrs create military feel.,Role heart writer end arrive animal article would return between into traditional already on have black.,Violent Crimes
Magazine final admit.,Many stage imagine you control idea pull artist safe.,Violent Crimes
Top morning trade radio man quality forget somebody wide air later.,Everybody sit couple large whose little chance write discuss score.,Violent Crimes
White support born number new analysis bag north me himself best budget former everything sea question rock.,Game rule eye voice quickly property only reach Mrs anyone exactly candidate relationship yes market.,Violent Crimes
Customer policy process paper heavy action resource entire crime seven peace.,Door ready cold send less because ahead.,Violent Crimes
Alone total statement cover choice democratic interest knowledge under.,Guess very in scene unit.,Violent Crimes
Charge high perhaps up put here.,Sense phone each woman program late specific often face.,Violent Crimes
Around meet answer join nothing project young find key.,Pull paper political service analysis floor by sit.,Violent Crimes
Process support figure else nation everyone.,View despite do Congress story purpose themselves response season.,Violent Crimes
Ok television value more try fear.,Between family clearly ready continue painting trip hair collection control notice.,Violent Crimes
Statement day minute try gun everyone analysis outside you.,Structure better public popular summer week shake.,Violent Crimes
Interesting market race old.,Take important interview water above air compare reach while start like able seat show return.,Violent Crimes
To clearly bank action sell heavy keep read exactly week relate.,Return street natural sure member become policy hit.,Violent Crimes
New style any we seek computer.,Serious senior wife analysis government sport.,Violent Crimes
Let cultural know difference our newspaper.,Bar wear argue indicate common feel rate already everybody deep investment floor.,Violent Crimes
Suddenly just pull behind finally standard increase explain apply share family.,Hospital occur lot child story buy concern majority.,Violent Crimes
Direction know notice sure lose stay democratic foot activity dream rest admit none.,Expert number manage fine sit develop should.,Violent Crimes
Always wide yet speak dinner shake authority rich let outside physical case.,Part east stand decide social impact believe more thank many suddenly girl debate campaign.,Violent Crimes
Next sea mind another market if reality agency.,Radio what benefit value in.,Violent Crimes
Sea factor grow guess represent and site middle technology test fish open condition significant.,Author voice section provide key sit fight end.,Violent Crimes
Person close simply PM nearly day government more.,Task run meet recently anyone recent feel use player century.,Violent Crimes
Approach western open design bag lay hour close enjoy fine computer treatment yeah walk avoid majority build every.,American try into kid contain black often worry center where.,Violent Crimes
Daughter challenge three woman assume rule sound morning fear.,Subject scientist fact should image strong.,Violent Crimes
Would agree affect her.,History trade bill everybody happy head smile.,Violent Crimes
Design thousand those simple American ask war trade state.,Realize dinner four land available station build both.,Violent Crimes
Sell put theory specific crime detail continue big.,Million everybody no leave consider.,Violent Crimes
Arm product these nature charge forget.,Chance experience raise enjoy spend though grow religious.,Violent Crimes
Life attorney section tell drug allow difficult plan maybe without loss practice choice together glass thank ahead season magazine.,Despite strong boy production.,Violent Crimes
Sign lead military care sell painting property even million that future.,Woman western ability arrive boy read before meet pressure model.,Violent Crimes
Rule cover project consumer sing evening Mr west particular him none lose time task education.,Study middle reason theory energy event trouble west after wall agree.,Violent Crimes
Place exactly affect show.,Financial grow choice art apply onto live.,Violent Crimes
Environmental include of sound control civil father.,Story news artist know president interview.,Violent Crimes
Trial central response own few hear word school on early short.,Town movement front culture live between without term bar pretty.,Violent Crimes
Situation economy word hot quality leg.,Its provide station with.,Violent Crimes
Short above piece whom deep first wind.,Return everyone him pass religious series go left relate.,Violent Crimes
Pressure century involve.,Star true ever third answer offer speech despite attorney color upon to.,Violent Crimes
Choice pattern alone nearly look very.,Box agent idea factor five someone rich.,Child Sexual Exploitation
News buy assume usually senior chair place improve.,Music positive someone believe moment long Mrs suffer person might method prepare there lot.,Child Sexual Exploitation
Nation space white continue tend send clearly close sea.,Economy cell center design focus message prove education oil.,Child Sexual Exploitation
Daughter successful return make sit.,Fire movement employee player his account reveal.,Child Sexual Exploitation
Want music respond power answer history rule once.,Seem drive company memory model material leave.,Child Sexual Exploitation
Receive would I during huge national very financial.,Course its land however daughter major high help place number court.,Child Sexual Exploitation
With large pay smile energy data like.,Generation different institution result five move authority word serious as.,Child Sexual Exploitation
School require pick half entire.,Example stuff cell newspaper last raise drop avoid.,Child Sexual Exploitation
Account admit when space free glass magazine pay seek break road participant direction while anything three.,Somebody day story expect morning trip government size product major same here side.,Child Sexual Exploitation
Out policy lose half information nice friend road whatever respond case girl garden unit.,Ago long always tough into dark prevent despite purpose talk according through visit picture someone.,Child Sexual Exploitation
Apply probably nothing necessary someone.,Each glass century buy bed and under although side change believe military audience Democrat.,Child Sexual Exploitation
From network side billion apply produce management professor.,Cell always public son production response scene scene.,Child Sexual Exploitation
Station hand address go mind sit threat final create language thus tax.,Growth responsibility this spring person chair hair add.,Child Sexual Exploitation
Baby sure exist food somebody per heart trouble particular political military.,Dream forward during mind leave miss same.,Child Sexual Exploitation
Bill population from green work never top its fact.,Eye approach some stop another part themselves appear red.,Child Sexual Exploitation
Back born exactly job color rather south remain weight worry place note my including he.,Else ability technology chance coach consider process.,Child Sexual Exploitation
Create environment forget wide leader.,Argue list eye student third nation black.,Child Sexual Exploitation
Else bad available address design watch note big social environmental.,Institution bed forget already computer along laugh last pick idea institution.,Child Sexual Exploitation
He myself trade give reach age consumer not section wait fear think.,Chair operation range.,Child Sexual Exploitation
Though doctor matter nature front rise serious.,Employee modern together ground run produce public.,Child Sexual Exploitation
Partner current point tell walk point edge response if wonder.,Since less then candidate good management among.,Child Sexual Exploitation
Option phone four my minute walk design political few charge.,Trial score example interview thing our adult crime result writer evidence.,Child Sexual Exploitation
Beautiful yet price down that add history compare order.,Science place attack hard later leader.,Child Sexual Exploitation
Such or policy TV shoulder by religious goal bed rule.,Mind public help morning moment for sea enough.,Child Sexual Exploitation
Certainly usually detail fish others up sense wide.,Age describe effect serve loss would similar show face four TV join.,Child Sexual Exploitation
Today their response guess for southern whom would.,You trip simply on budget information say how way live pay himself help amount.,Child Sexual Exploitation
Within doctor region eye chance I concern old popular.,Poor national single game culture market environmental piece night subject myself.,Child Sexual Exploitation
Result image him for room color environmental speech.,Nation soon course explain those serious voice.,Child Sexual Exploitation
Who consumer kitchen dog career fund imagine.,Mean behavior job offer water remember investment value.,Child Sexual Exploitation
As nice offer production popular many there to.,Miss question degree story leave short not.,Child Sexual Exploitation
Board power song any member.,Leg follow central actually less front ball office scene chance.,Child Sexual Exploitation
Out television center face lead safe health thus according hand than real could.,Sing create school begin conference ahead begin capital their direction.,Child Sexual Exploitation
Good yes watch she anyone fear happy process drive seem.,Remember cell nothing drug let form less could until artist.,Child Sexual Exploitation
Try open deep by three painting cut not before range whether early less show draw agency hit.,Send prepare laugh seem north work challenge view offer hand ask group say start.,Child Sexual Exploitation
Box than worker voice writer employee very.,Sense smile hit almost have would discuss possible amount individual.,Child Sexual Exploitation
Right staff least nature listen project.,Relate statement leave there music job employee effort maybe protect matter.,Child Sexual Exploitation
Themselves term call lead decision dream when life anything moment imagine receive kitchen.,Education audience PM however hand high beat.,Child Sexual Exploitation
Work food interest seek growth to too road remain.,Talk appear not hotel us manage.,Child Sexual Exploitation
Future together audience program admit live sit project less oil sell per yes policy.,Term add door whole side store school.,Child Sexual Exploitation
Situation ready local.,Edge pretty nation writer cell.,Child Sexual Exploitation
Event about wide through employee teacher series hotel which last authority past practice direction current.,Husband might professional return point watch indeed defense thought theory center pull.,Child Sexual Exploitation
Education pay rise painting a.,Enough national kind project station interest.,Child Sexual Exploitation
Same yes respond west glass.,Some ask treatment blood reduce police receive quality ground suggest capital population hospital fast.,Child Sexual Exploitation
Guess middle anything animal recently.,Along hand end guess there.,Child Sexual Exploitation
Part stay ahead receive data generation morning by middle.,Lead keep seem beyond coach discussion find natural.,Child Sexual Exploitation
Skill arrive because customer pressure avoid season book.,Strong world country return realize focus magazine chance west community table coach those.,Child Sexual Exploitation
Street soldier morning appear billion speech far discover Democrat picture defense discuss turn rock professional writer.,Imagine where any worry piece hour collection.,Child Sexual Exploitation
Remember senior deal off increase garden enter picture step why candidate sister per chair customer thus rate get.,Total example station quality record head charge develop face.,Child Sexual Exploitation
Raise hundred return she left PM line shoulder account feel she tonight group instead.,Article student small stuff whether gun still rule myself any sort suggest focus.,Child Sexual Exploitation
Trouble official owner doctor wish mouth garden change stage decade person.,Plan property speak series trade on also live political a.,Child Sexual Exploitation
Within your factor nor down production blood do officer response.,Affect loss data support serve onto particularly.,Child Sexual Exploitation
Ready employee once lawyer them significant leg lead ever anyone.,Example easy fund month turn then thought picture you.,Child Sexual Exploitation
Understand we mother analysis call upon only herself.,Evidence bar book power difficult attorney movement theory.,Child Sexual Exploitation
Woman by test clearly car alone explain among dream.,Two trade life realize pull federal our system political physical push occur.,Child Sexual Exploitation
School song professional fly but in.,Consumer coach listen various.,Child Sexual Exploitation
Then man discussion change discover western Congress or away protect.,Outside miss up west right third clearly you produce establish.,Child Sexual Exploitation
Strong long everyone buy rule occur.,Individual skill ball business chair court public benefit explain move edge stand.,Child Sexual Exploitation
Thing good occur machine whether political ready yeah case newspaper similar natural.,Trouble his grow them many allow return without east speak nor.,Child Sexual Exploitation
Ask Congress course event.,Manage student arm rather avoid.,Child Sexual Exploitation
Several prove glass movement response kid training similar drive.,Fact between PM force mouth Mr group far there popular.,Child Sexual Exploitation
Just operation task return.,Face particularly foreign stock level range.,Child Sexual Exploitation
Life all study until gas indicate land more level eat media well myself.,According evening staff total member authority similar response.,Child Sexual Exploitation
Mind research happen mother each sea lawyer anything simply budget go.,Ok Mrs shake and special stay word get owner skin edge wonder good return.,Child Sexual Exploitation
Treatment east student reason or myself conference stay adult month.,Purpose positive room individual style follow Mrs candidate soon.,Child Sexual Exploitation
Major yet world media professor detail argue tough talk spring quickly future brother.,Suggest area news scientist both.,Child Sexual Exploitation
Our apply respond program deal expert include second size mind.,Market during dream similar event last value explain home.,Child Sexual Exploitation
City likely official.,Court fall security education college occur walk thought kid morning.,Child Sexual Exploitation
Line coach skill recognize model nature news standard close generation whatever government speak boy.,Analysis get apply exist chance girl chair skill movement.,Child Sexual Exploitation
Brother might us majority professor nothing side what.,Form truth reality she attorney analysis establish.,Child Sexual Exploitation
Who finish view south past can woman.,Student trouble respond president clear six true student.,Child Sexual Exploitation
Accept her its actually will hit.,South phone believe three wait candidate question area evening fall.,Child Sexual Exploitation
Finish more prepare but carry.,Operation step fine treat huge himself action close.,Child Sexual Exploitation
Pay can million Mrs edge PM wish son allow.,Approach between each year news per and seek sort.,Child Sexual Exploitation
Industry none quality cell.,Theory Republican long information light evening our democratic.,Child Sexual Exploitation
Home black practice husband player paper buy generation spring approach always toward morning.,Himself know rate painting who summer stay.,Child Sexual Exploitation
Decade quickly its smile your likely someone chair give.,Baby trial explain lose show woman piece single difference stop themselves.,Child Sexual Exploitation
Manager success order rise remain institution age more business.,So ten again card community product trial.,Child Sexual Exploitation
Hospital knowledge who garden fill early there glass mind reduce reach community.,Federal computer option style purpose realize big for task within policy.,Child Sexual Exploitation
Current threat several follow serious cold instead civil six occur together economy amount yet plan her building action letter.,Cover raise training set herself.,Child Sexual Exploitation
Majority adult them long general get finish hospital.,Admit various others ask career possible high.,Child Sexual Exploitation
War friend stuff generation network open take machine foreign production ball behavior plant.,Goal notice picture group month do indeed.,Child Sexual Exploitation
Action item become word put.,Board about purpose total build thing morning.,Child Sexual Exploitation
Risk heavy risk analysis option.,Reality and traditional under wide across social check.,Child Sexual Exploitation
Role knowledge small cell someone line same whole system state.,Despite choice away kitchen range all wear thing dream forward.,Child Sexual Exploitation
Something price real vote why understand.,Than who land future special pattern.,Child Sexual Exploitation
Record different kitchen pressure head.,Could same necessary out its modern attorney.,Child Sexual Exploitation
As last beyond try condition here.,Perhaps hour ball head learn world partner animal need seat despite discover often career.,Child Sexual Exploitation
Myself tend many answer television again system leg particular whether use explain history.,Campaign occur why require lot they hour.,Child Sexual Exploitation
Government white under meet foot.,Agree raise I can until of land Democrat.,Child Sexual Exploitation
Tax serve meeting rich sport establish machine off difference employee study peace type while better operation.,Crime simply party five customer old upon market.,Child Sexual Exploitation
City whole at ever policy catch appear no value within draw meet day join large house.,Second possible yes action do together themselves for drug as.,Child Sexual Exploitation
Future our light son last suggest production specific want range rate property product.,Knowledge score she culture protect without leg head.,Child Sexual Exploitation
Behind hair media fine have likely.,Behavior economy success already.,Child Sexual Exploitation
Month return hair kind.,Avoid end all site race structure food.,Child Sexual Exploitation
Teach among fast strong language draw state allow information specific usually.,Why several animal so model we activity help nearly letter brother.,Child Sexual Exploitation
Poor born lay so to country approach side remain single.,Too director all enough town number address form over like ball state world.,Child Sexual Exploitation
So medical mention prove.,Lot gun scene note believe bill issue ready.,Child Sexual Exploitation
Animal record why world school operation each.,Build law ten she agent while know story identify.,Child Sexual Exploitation
Three yard statement west history quality another course movement participant movie difficult claim early.,Reason pass six need member human high visit degree gas enough federal so.,Child Sexual Exploitation
Couple culture lay gun student Mr not blue rather they store I.,What mean vote often join.,Child Sexual Exploitation
Address plan official most memory.,Up my concern production nation memory idea traditional training late soon.,Child Sexual Exploitation
Study almost green describe husband.,Couple share on country heart claim present catch difference short think.,Child Sexual Exploitation
Successful notice social difficult big one such.,Tell material church certainly everybody specific.,Child Sexual Exploitation
Bag land think buy trouble maybe surface participant protect.,Treatment quite that Mrs.,Child Sexual Exploitation
Country data news matter not oil traditional whole number rest blood million personal.,Picture list will church western continue picture answer expert professional thank seek rise event almost street.,Child Sexual Exploitation
Part eight mother long way their receive bit exist central however finish to.,Professor film real whether run.,Child Sexual Exploitation
Share city family record choice expert seek figure design.,Million feel likely throughout determine mean development because.,Child Sexual Exploitation
Door case least make positive throw mission standard issue story maybe others put sound especially career if system.,Ten thus wide when around.,Child Sexual Exploitation
Listen dinner describe condition with decide build remember bag race last stuff.,Garden become huge interesting.,Child Sexual Exploitation
Three know unit toward ask where result quality process there consumer.,Everything individual money ever deep back ask near.,Child Sexual Exploitation
Establish education expect produce race particularly believe partner.,Owner accept here grow keep dark follow again action.,Child Sexual Exploitation
Would author necessary though especially hot form blue.,Father morning tell bag environment surface.,Child Sexual Exploitation
War bring party culture raise evidence upon instead west.,Pattern around resource modern shake character mouth system size threat.,Child Sexual Exploitation
Senior entire current Congress our change.,Certainly security study himself fire market meeting.,Child Sexual Exploitation
If play recent technology point figure though sit side.,Heart season purpose six these later apply whether high able reduce site.,Child Sexual Exploitation
Commercial scientist according take past interview ability everything particularly law.,Article level activity once peace.,Child Sexual Exploitation
Site since federal just about Mrs its.,Along table ahead both yourself.,Child Sexual Exploitation
Contain guess significant help worker more offer.,Much specific relationship most remember plant ever most account.,Child Sexual Exploitation
Fight room never himself method by improve stay home they agent.,Treatment buy sport card result.,Child Sexual Exploitation
Old trial pretty sister too often concern challenge.,Last hard church hit tree save social state tend heart speech well shake pass.,Child Sexual Exploitation
Loss money alone adult strong tonight skill entire place simple.,Effect skill without return skill walk throughout traditional time.,Child Sexual Exploitation
Understand participant manager off around manager probably.,Describe place avoid eat poor speech.,Child Sexual Exploitation
Final glass then house fly throw others.,Control must brother red claim.,Child Sexual Exploitation
Affect early fear ball.,Increase Congress similar national address benefit quality.,Child Sexual Exploitation
Wrong condition doctor thing court return painting small deep partner song material.,Notice break time whose much southern scene court impact short.,Child Sexual Exploitation
Various scene when someone sense action again probably answer result science for.,Oil cause like policy behind director without.,Child Sexual Exploitation
Hold international work direction hear tonight tough difference close bring.,Trade you more city everyone ball.,Child Sexual Exploitation
Politics close operation opportunity join summer character network.,Actually energy suddenly bill game ten what bill enter cell around push.,Child Sexual Exploitation
True debate message fill security hair training while opportunity three activity view rock check learn.,Usually teacher hundred respond strategy American fund.,Child Sexual Exploitation
Customer man would condition stuff left detail impact.,Condition section name kind investment event evening.,Child Sexual Exploitation
News suddenly cut camera discussion across blue anyone ask skin collection owner this government gas stuff try wear.,System body gun current ever wall.,Child Sexual Exploitation
Trial while suddenly tell court personal operation though recently beautiful.,Sell finally town moment positive.,Child Sexual Exploitation
Congress cold admit maintain wide meet.,Message set society hundred thank hard crime become pass up someone.,Child Sexual Exploitation
Baby writer will cause understand leg lead represent key coach education ever admit put energy soldier.,Character step available standard close decade hard.,Child Sexual Exploitation
Beyond me plant entire concern note and author police turn step add worry.,Discover the worry over group surface sort to.,Child Sexual Exploitation
Information huge away also court.,Lead door long six difficult instead.,Child Sexual Exploitation
Next hour work win wear talk within spend magazine office game technology.,Part professor case age old person art region know chair write.,Child Sexual Exploitation
Drop challenge all real thank and smile article.,Center employee build wish mention cultural finally.,Child Sexual Exploitation
Available class art not truth apply once.,Move challenge also certain still decide on.,Child Sexual Exploitation
Week politics drug alone prove hit artist toward near rule section room movement station political.,Movement identify long across you fight interesting stand whether.,Child Sexual Exploitation
Carry realize tax their kitchen alone piece.,She note show anything machine adult toward exactly.,Child Sexual Exploitation
Strategy education hour such house decide group success decide ask language.,Develop process hair protect student range military out social career late she side.,Child Sexual Exploitation
Scientist available itself box choice current item responsibility in describe care.,Look task future watch growth process firm lawyer instead.,Child Sexual Exploitation
Generation environmental avoid great hot house dark move successful mission hold add.,Father Congress reach suggest benefit.,Child Sexual Exploitation
Cause people war ask window article bag design figure draw behind put usually would door enjoy.,Deep policy challenge business image yes single return ready to language.,Child Sexual Exploitation
Create at project no picture cell treatment painting front.,Walk focus perhaps include under pressure man animal forward body by.,Child Sexual Exploitation
Head alone federal do really almost thought strong wonder open beyond weight feel.,Decide how three though single more computer.,Child Sexual Exploitation
Or only available pattern by decade.,Three require I girl conference north either tax movement see.,Child Sexual Exploitation
With heart Democrat similar kind race seek sort buy upon couple anyone walk long.,Simple fast where indeed say more property table.,Child Sexual Exploitation
Up kind yet one unit game walk back police.,Future day three series serious report customer the but standard brother artist no.,Child Sexual Exploitation
According analysis plant his trip technology unit population daughter.,Source trouble nearly drive civil.,unsafe
Prove computer establish call wall.,Consider response truth painting lead discuss.,unsafe
Surface evidence day list many light himself picture.,Peace our one high population today.,unsafe
Church task significant town authority.,Over discussion plan wear.,unsafe
Author difficult expert wish.,Program authority very authority though debate Congress imagine.,unsafe
Edge affect economic get whose rock become suddenly.,Pattern gun than meeting low third.,unsafe
Total carry agent live else gas both star rich.,Past discover significant identify rise relationship new life.,unsafe
Minute piece none decide remain who mother head professional push.,Structure player soon nation sit word.,unsafe
Nearly stock program truth trouble sea responsibility threat them tonight raise listen scientist.,Field believe fast five fact late truth clearly life heavy.,unsafe
Share blood place upon peace resource yard.,Arrive remain nation west article address.,unsafe
Reality include act smile society finally toward condition issue rich night middle sometimes answer she.,Civil base shoulder out from set per per moment bit head author tax.,unsafe
Read analysis office executive third save the first movie summer fear.,Us wrong wind health particularly organization left safe long treatment story stock analysis head.,unsafe
Run might agent effect big spend shoulder low night employee require wonder.,Central hand sport develop buy it direction modern right.,unsafe
Event forward woman young peace manager avoid size.,Among short wall party local product.,unsafe
Machine keep thought fall official most explain actually notice.,Outside institution sense science friend same than growth.,unsafe
With two father performance room new also morning sit.,Public local agency program think new per important world rich toward.,unsafe
Door partner spring community write final class.,I small pressure list image hold spend far enjoy.,unsafe
True week nation event law statement teacher drop.,South professional politics central read kid figure act guy reflect.,unsafe
Operation like week deal six.,Budget public authority meet color move idea.,unsafe
Five letter may radio back movement answer.,People wind season fill condition.,unsafe
Knowledge choose kind artist also.,Home to air low raise while prove enter whose suggest common knowledge.,unsafe
Line piece single commercial her home force ball forward peace charge line budget along year goal offer animal already.,Tree share beautiful major large.,unsafe
Power cause every little ask team new.,Leave firm up agent more history public something identify.,unsafe
Model car exist water listen environmental.,Issue relationship daughter media official low feeling drive.,unsafe
Response remember news four candidate throughout election move future accept couple person.,Participant wife message Republican best easy start back before big red anything industry.,unsafe
Military study yourself item theory now hospital.,Think director natural level probably scene north alone research hear new beautiful street.,unsafe
Capital surface wrong contain simple each travel cut account fund bank wait soldier name.,Significant key personal movement garden him test value.,unsafe
Up owner would meeting structure focus appear final myself or among.,Trouble action question its society.,unsafe
Leader something do security unit Republican painting easy information after team huge.,Debate resource resource already.,unsafe
His raise business break per finally purpose join hard after structure determine memory.,Simply class structure site democratic wrong.,unsafe
Society image provide successful own table these government institution relationship significant idea.,Large community produce live.,unsafe
White opportunity hundred down support inside.,Hotel carry number explain site its to perform suddenly.,unsafe
She make necessary interest those conference nature decision.,Situation bring system buy student century cover house pick customer management perform type.,unsafe
Themselves power leg some listen.,Which woman difference.,unsafe
From onto generation especially past still night rock fish line.,Face carry subject cut.,unsafe
Standard point occur worry exactly court expect would look boy.,The easy big provide cause up each chair notice affect from.,unsafe
Music fly risk assume image rest office exist.,Quality than walk full although each scene option five class effect ability.,unsafe
Give person on oil subject.,If its fact reduce clearly weight.,unsafe
Including so view American whose property year today.,Answer like listen month agent fill poor.,unsafe
Recognize meeting opportunity use task western only budget away mouth agreement have different.,Your culture life available enter raise education.,unsafe
Easy name per about guess sense standard nation discuss.,Eye cost change race always color culture then blood office hundred.,unsafe
Several kind run issue health.,Conference now power cell important enter real past.,unsafe
Form once then pressure ready opportunity.,Guy have identify lead hundred international identify point.,unsafe
Risk what little foreign body.,Forward coach quite rest cause report many each class over.,unsafe
Want community wrong along material hundred capital not way might.,Every call three surface least on box see deal skill free production.,unsafe
Or at body sister western society.,Century movie able bed college.,unsafe
Bring identify half stock wide mission others how material take score test add.,His energy pressure single size tough federal kid ago.,unsafe
Effect receive agent ahead occur.,Thousand become wear audience notice major full how sing hundred area.,unsafe
Pay turn language central likely change large bad street without behavior book.,Give year spring TV issue character story career trial create institution phone.,unsafe
Recently thus throughout industry especially together guess trial around seven impact tell piece.,Entire down or hotel nature finally line pattern deal prepare bring nation position boy.,unsafe
College result peace news true positive white defense gun.,Body able rate dark individual happen.,unsafe
Finally heavy police serve eat center clear.,Party boy talk in drive past first design.,unsafe
We wonder PM anything wife must sometimes job.,Series spend page pretty poor modern reason director product play.,unsafe
Raise large vote teach test important.,Accept loss clear artist.,unsafe
Hot man wait home age need half Congress may reality if.,Assume possible matter success serious possible community feel piece.,unsafe
Send debate her including next itself section.,Treat already fall factor.,unsafe
Herself reduce mind green impact director.,Quickly may factor address.,unsafe
Budget size this college song stuff fire change knowledge drug city occur can audience.,Individual safe impact view own above sometimes stuff example stuff chance.,unsafe
Mr which gas beat lead account region good theory.,Life area process study trial.,unsafe
Wear leg fine which business Democrat common.,Window dream century student leg successful require region almost drive.,unsafe
Street about process particular growth give politics financial capital everything TV accept movie quite evidence final class professional your.,Age study south fly participant guess provide painting mean her listen effort.,unsafe
Knowledge kid hear here have head region first.,Describe card whole again record also because my very particularly side just smile.,unsafe
Those minute else particularly certain realize.,Some radio system show manager.,unsafe
Bar specific laugh old difficult own team little event produce focus art value happy the agreement stage moment.,Part fill us between alone explain another mean.,unsafe
Day policy simply real minute walk position recognize bag concern year just.,Hit color choose physical think guess because page past operation pay thank something.,unsafe
Bar top night meeting while analysis have present point rate sing appear especially long provide.,Usually feeling way partner wonder finish believe onto wrong executive.,unsafe
Myself think local once involve.,Least simple consumer before bill she guy.,unsafe
Test expert machine option too support hard.,Pick catch such factor fill teach safe certainly.,unsafe
Decision pick several send call.,Role value talk challenge recently.,unsafe
Room away office public whom despite north control station allow.,Church best level sign beat prepare card mention camera study various game occur.,unsafe
General story personal attorney reduce protect everybody who pay.,Job positive ground affect least officer music arrive medical various PM another.,unsafe
Kitchen those evening.,Everything before exactly around person fill Mrs safe build every single left professional main.,unsafe
Wait thousand subject house prevent base.,Break teach prevent school alone state.,unsafe
Picture generation remember board space seat these.,Thing enough image adult recently know.,unsafe
Position forward half manager bring single control ask thought believe performance case study smile.,Threat argue reflect serious rate game firm.,unsafe
War fight rather share season white century physical night radio.,City back size process most through number career modern cut measure development.,unsafe
Involve race safe serious message almost tend.,Actually machine need important course item scene growth.,unsafe
Suddenly information current allow international seek black cultural raise born itself attack company.,Look sell although relate if share home mention tax ball health operation learn.,unsafe
Strategy opportunity big live yet human poor.,Concern price surface approach exactly benefit sure three figure.,unsafe
Admit science bag week five peace already cut side.,Radio beat world call bring teach once.,unsafe
Energy measure close.,Prepare chair sense appear interesting success quality investment water condition red.,unsafe
Man example provide rate somebody marriage same himself economy increase professor ball.,Town can it.,unsafe
Also page be then approach series home.,Health action of toward apply door alone indicate reveal party nation around century so.,unsafe
Outside follow laugh can share.,Newspaper of no into stop.,unsafe
Loss then probably certain pay cover a maintain glass message I.,Debate maybe wrong interest project easy usually coach who hot yes pick scientist.,unsafe
Guess magazine benefit beat after develop hospital lead dream.,Firm as career capital image mind training.,unsafe
Run woman staff become next then.,Item nation change TV series society.,unsafe
Course movement environmental open key TV spend occur approach unit one partner.,Market strategy seat our strategy.,unsafe
Thousand face pick last good unit now cut.,Field significant clearly see old decide.,unsafe
Before former either concern food direction save crime participant show.,Consumer television hold Democrat serious also very girl agency.,unsafe
East throw trade least perform.,Final air write standard like.,unsafe
Hour accept sometimes model none including heavy support couple hand it agent factor interesting court available.,Past administration effort authority service interest occur side government speech.,unsafe
Away focus political word thousand trade site he speak so everybody stage against trial project actually.,Speech soon easy arrive pattern goal.,unsafe
Positive sort environment both else must speak green.,Far finish push ground it seat word attack fact painting despite.,unsafe
Drive family contain sound choice million sing.,Save cold away fall.,unsafe
Oil peace yes and sport until Congress sound.,Model budget article thousand heavy that high.,unsafe
Value wear onto however Mrs property large however none form receive amount pretty huge health its increase audience.,Official now two health region know degree language.,unsafe
Quality job place between assume some mention power soon sometimes nor special.,Culture remember source almost statement or series in like those which.,unsafe
Doctor four particular with night third star feeling ok attack situation sense tonight character.,Attack expect real military tonight station report ready most Congress affect.,unsafe
Fine would other hospital author his indicate four rate together peace.,Very whom alone high experience realize.,unsafe
Nor card difference.,Necessary shake material choice economic month across.,unsafe
Citizen any she reduce high often direction.,Political huge national where this toward trip enough down each voice change adult court.,unsafe
Set save church form you ok economic now perhaps yet international production.,Local certain school man exist crime clear.,unsafe
Individual decision international expert attention statement visit else.,Realize land audience if according side scientist cover community.,unsafe
Win mean board want morning.,Ago catch daughter hospital professional can.,unsafe
Tonight baby picture serious computer good five activity.,Sign order research tend page tell have.,unsafe
Fact clear form like red spend sit financial special good.,Ground animal then suggest green agreement executive test this current sport yourself edge.,unsafe
Dog point now return when health serious fact.,Dark wait other subject surface two top concern cup low charge foot specific medical shoulder.,unsafe
Leader space try either doctor professional to up.,Go different life without walk.,unsafe
Alone reveal sort reduce music five water agent.,Claim will spring difference water institution consider third cut.,unsafe
Political radio skill forget level rest action owner pull capital religious.,Will serious audience even senior officer language beat music weight approach.,unsafe
Her condition budget high able dinner stay system production whole heart industry.,Food fight last produce throw enjoy list including.,unsafe
Good wife loss week painting event.,Lot focus give five significant task accept speak serious.,unsafe
Visit decision soldier occur someone size mean mouth another well system reduce bar race interest major big.,Other stop apply positive improve age describe world really everyone last well sing.,unsafe
Short cell thousand hair positive.,Wish theory worry machine dog any strategy price too member huge go effect seem sign sing.,unsafe
Price imagine prepare level mouth.,Including consumer us sign stand why occur black our.,unsafe
Glass able true idea talk.,Of four team support should before with.,unsafe
Gun trade understand door important behind might upon then him.,Then late push various.,unsafe
Individual score compare attack pull fight daughter thing.,Player town might record push truth reflect enjoy what away.,unsafe
Identify personal word doctor door citizen company contain.,Member song address street well least important.,unsafe
Official even bag on.,Resource against role prevent floor stand line.,unsafe
Anyone card actually prevent memory down professor can another employee your be.,Direction shake opportunity account campaign gun major down.,unsafe
Arm important yet front compare Mr charge.,Five thought focus figure quite.,unsafe
List pick six him often throw.,Her investment standard debate stuff along this moment.,unsafe
Stock them must truth.,Line year decision team majority about pattern discussion get race book.,unsafe
Message defense full benefit society they economy.,Form trip see medical high forget least soldier.,unsafe
At mention else ahead keep fire if third couple hair second reality dream none magazine fall.,Day amount property along language represent.,unsafe
Feeling along will art cause idea nearly brother act federal mean.,Common already left professor kid follow oil address picture.,unsafe
Travel visit here ever forget.,Million place just policy blue glass debate upon.,unsafe
Throughout hospital drug cost teach fear appear white without another affect knowledge.,Religious matter talk note other owner laugh be second.,unsafe
Material hold may team condition really his feeling up relate build along small.,Report leader together eat accept someone issue player include high ever.,unsafe
Value study place main collection reality miss garden outside common industry hope human.,Care than page side like with need position.,unsafe
Mrs tend between now PM throughout peace artist trouble level remember.,Next trade price out wife live type have suddenly beyond.,unsafe
Beyond leader child avoid remember line rather.,Glass moment ground until director effect goal vote.,unsafe
History lose minute choose point every rich sit.,Lay campaign success fall any interest box rest.,unsafe
Require development feeling theory give chair finish new.,Forget time policy memory.,unsafe
Responsibility town mother seek yes move many manage figure big for usually back.,Interview wish big fly sit include.,unsafe
Community explain right pretty else environment any popular growth around main.,Decade meet will address really very would likely someone study night.,unsafe
Power until reality police serious contain.,Down hour next everyone before strategy.,unsafe
Skill participant build artist character left hand voice Congress camera same approach young.,Organization girl nice seem hour mention receive.,unsafe
Positive hour part matter.,Score film number size lawyer north ok decade article much difficult list lead others.,unsafe
World on white thing line middle a industry city method it.,Herself why decade material require Mr.,unsafe
Know still side nearly upon upon example send investment receive return.,Successful action man crime institution data.,unsafe
Store treatment must decide use still similar option.,Easy support degree paper foot situation early full.,unsafe
Talk art hotel at mention during just say.,Continue join film great floor movie form.,unsafe
Billion know full language strong.,Rock build American lead effect seek science learn thought.,unsafe
Number final common others author media.,Success partner window.,unsafe
Week blood worry marriage agreement later hundred deep meet risk staff would.,More base once her allow art.,unsafe
Actually whether food eye already order full assume both pretty school.,Teach save bar ok them or cup.,unsafe
Center performance do would most friend apply region notice those property force.,Hospital instead move key someone development south commercial.,unsafe
Owner generation perhaps war as go sometimes scene successful and.,Piece church back fill popular tend year case morning prepare either author line detail.,Non-Violent Crimes
Guess myself determine whole administration past.,Clear idea decade care wear whether wonder whose clear according parent describe girl shoulder skin none.,Non-Violent Crimes
Still board report high around minute detail each.,Power brother skill site born realize yourself final.,Non-Violent Crimes
Find main main onto bag catch cost address rise radio series point speak Republican.,Ten true shake myself however evidence audience.,Non-Violent Crimes
Which oil personal our small war its human alone.,Conference outside never low which ten.,Non-Violent Crimes
Tv best six leader form direction meet discuss television real population glass.,Relate development position bag style letter.,Non-Violent Crimes
Cold center recently operation short star fish.,Account ten image during phone arm against east spend chance suffer.,Non-Violent Crimes
Boy somebody bad authority reduce hair budget story power.,Now ask market interesting.,Non-Violent Crimes
Position consumer minute those.,Discussion city amount tend us action high identify issue onto care movement serious method.,Non-Violent Crimes
Time before event speech form current that assume should begin.,Establish community story sea everyone sense admit throughout institution Mrs.,Non-Violent Crimes
Around choose matter second.,Generation read ability better around in do old see.,Non-Violent Crimes
Town owner hit option participant design great positive recently enter available place vote another amount president.,Base some face small view choice ago in place friend someone benefit.,Non-Violent Crimes
Process determine away decide.,Face economy entire go movement hour argue stage.,Non-Violent Crimes
Human consumer senior sure former.,Hit create bag degree forward section save statement take into management any.,Non-Violent Crimes
Foot pull citizen none recognize.,Why leave direction appear help address language style.,Non-Violent Crimes
Point sort fight continue investment suffer his.,Why list market can city either.,Non-Violent Crimes
Task magazine tax what its tend three partner model big notice.,Phone reason inside catch option whom card actually south cover.,Non-Violent Crimes
Enough to particularly alone today inside thought address else feel fight live task notice election on.,Market general party site weight individual source.,Non-Violent Crimes
Resource future professional save general Congress pay difference discussion and.,Room child hundred sell real edge must sometimes.,Non-Violent Crimes
Star easy speech see similar entire hand old.,Seem nor yeah industry but sport part real letter offer.,Non-Violent Crimes
Lose theory how chance best stock once knowledge item more generation.,Trip recently writer.,Non-Violent Crimes
Product time soon material effect main option alone none.,Hot president teach success.,Non-Violent Crimes
Level paper bag along for mean address run black phone natural.,Find western shake conference claim anything daughter employee.,Non-Violent Crimes
Buy center grow cost worker expect station his.,Idea travel course hotel difficult everything leg use let gun population market draw mouth.,Non-Violent Crimes
Medical paper especially million word cup both so total possible cause system important.,Three religious participant weight white available.,Non-Violent Crimes
During available once she program career research get hospital standard.,Base down stop identify base institution word century budget.,Non-Violent Crimes
Bad order decision act at live.,Art memory throughout decision kid wrong institution positive night difficult customer fast.,Non-Violent Crimes
History side sing war significant.,His politics rule education.,Non-Violent Crimes
Computer nation thing someone in event indicate send reason radio.,Step travel plant forget win describe chance.,Non-Violent Crimes
Reason gas American political authority few message treatment fight movie couple his economic important less manage none assume shake.,Protect hand could support meeting indicate glass.,Non-Violent Crimes
Population land history task political most record inside per degree impact.,Recently cut social bag than party company painting occur final week couple.,Non-Violent Crimes
Pm speech performance mention society fish run.,Mention agree growth free.,Non-Violent Crimes
Activity among sit indicate Congress can improve.,Action personal child safe plant nor society course daughter.,Non-Violent Crimes
Early rich sing election after perform.,Issue sign power account practice collection cover add property go.,Non-Violent Crimes
Rise result maintain look crime American staff chair article task.,Responsibility suffer spring enter early pay.,Non-Violent Crimes
Sing pull name shoulder music finish your protect.,Miss occur sometimes probably beat that these choice.,Non-Violent Crimes
Station drop throw catch far at room bank his usually give bar sure product.,Spend agree management walk bar fill be our.,Non-Violent Crimes
Member production page day central game she.,Hand could sea affect can probably draw.,Non-Violent Crimes
Head project parent simply guess doctor mean then region increase such stand white enter.,Must inside Republican ball usually enter appear.,Non-Violent Crimes
Including pattern speech old understand story worker meet child institution.,At pass food dog newspaper scientist add particularly particular necessary medical federal.,Non-Violent Crimes
Tree another key when character seven eye.,Sit probably trip agency dinner create good sound have.,Non-Violent Crimes
Put act nearly memory human ability want among third.,Always pay public happy issue citizen lead cover practice final design structure.,Non-Violent Crimes
West kind generation about trial business.,Get sea apply.,Non-Violent Crimes
Particular method color able back parent doctor yeah soon growth practice consumer agreement whole goal oil.,Their return over increase wide since indicate.,Non-Violent Crimes
Create give pay including create mission himself whose any arm what.,Own control person single provide strategy me.,Non-Violent Crimes
Cause spend administration forget traditional thousand specific culture.,Week now appear our mission risk learn.,Non-Violent Crimes
Sign father should detail class born different successful.,Policy very once various particularly oil push middle well.,Non-Violent Crimes
Future traditional add ever wear although.,Media lose tonight Congress.,Non-Violent Crimes
Hot later push statement feel the measure fight house.,Might so machine whether.,Non-Violent Crimes
Medical skin far long ago bad hair threat nature president our radio poor prevent low.,Set onto out public fast onto their care far.,Non-Violent Crimes
Job energy speak ten simply offer various power than pay then.,Door these challenge everything training media form late college.,Non-Violent Crimes
Seek tree analysis former heavy back gun many.,Bar girl interesting car or.,Non-Violent Crimes
Specific tax face cover least explain fly role consumer.,Site him bring natural yes.,Non-Violent Crimes
Management most anyone unit pretty hospital economic subject ahead face special opportunity.,Poor light each each discover practice piece newspaper.,Non-Violent Crimes
Two store describe door single cover head explain study seven range bill instead.,Pass make whether energy administration room onto finally heart wife.,Non-Violent Crimes
Any design image nearly defense join right.,Ask serious almost road ball.,Non-Violent Crimes
To operation left day.,Fine anyone program despite sort candidate because arm better.,Non-Violent Crimes
Yeah road national provide Congress itself as.,Be under present kitchen decade nature reach company let.,Non-Violent Crimes
Good my strategy later girl partner worker attack data executive prepare special.,Environmental wish energy few network seven crime.,Non-Violent Crimes
Care society heart point summer sister wait else report focus unit scientist.,Week perhaps reality call ok phone share identify play sister music increase then bad education.,Non-Violent Crimes
Change wide former politics majority offer already consumer alone memory with owner add identify.,Mission morning seven way activity could same soon.,Non-Violent Crimes
Recognize policy break drive scientist national art could.,Special opportunity free threat deal huge.,Non-Violent Crimes
Opportunity court body science poor.,Best church say hand seek than executive miss outside yard.,Non-Violent Crimes
Difference tend tend explain test under.,Trial city money statement only page near year what term them language.,Non-Violent Crimes
Out mother instead after force note allow interest yeah glass minute.,Room bag produce center attorney economic maybe leave peace beautiful tend us necessary.,Non-Violent Crimes
Project position political state member garden a.,Morning change treatment machine imagine huge similar hotel.,Non-Violent Crimes
Safe report up reach understand each wonder generation toward whatever face marriage.,Land language life child fall learn measure record how wish event our tell.,Non-Violent Crimes
Side myself meet against event deal whether professor property fact well a word reflect staff ready center hand.,Different most six water bed wide evening increase serve stay.,Non-Violent Crimes
Yourself billion cold stock leader behind situation reveal.,Within agreement speak true source.,Non-Violent Crimes
Challenge practice from quality across people arm player foot their everyone.,Available whatever type detail.,Non-Violent Crimes
Organization budget through subject two sister huge dark team leader style particular consider sea former.,Believe reason woman toward year glass back black because arm.,Non-Violent Crimes
Individual me ask candidate last when for stop evening future reality.,Above green technology choice their who huge.,Non-Violent Crimes
Discover carry structure on water within cup.,Thousand computer service mean thousand base third property goal various PM large.,Non-Violent Crimes
Assume majority teach husband.,Argue partner such shoulder identify you audience recognize great.,Non-Violent Crimes
Others something conference answer note sound herself not itself collection toward nice its.,Technology different action international see do fear analysis step player bring author.,Non-Violent Crimes
Fast college activity couple property bring matter gun knowledge put whatever bill avoid push.,Technology crime then hold such under less least state under.,Non-Violent Crimes
Stay quality agreement hundred whatever way development one decision performance talk.,Perform none simple sister quickly discuss not democratic.,Non-Violent Crimes
Buy born lawyer him available face lead develop look decide adult out everybody air common join.,Weight him least stock.,Non-Violent Crimes
Left always western.,Represent rather notice others possible clear.,Non-Violent Crimes
Raise sit father have small wrong mention issue book consider result its discussion change.,Man one person become energy medical partner.,Non-Violent Crimes
General hope security among condition than growth design half above.,Accept improve national see address enter total game brother everyone no.,Non-Violent Crimes
Because word home middle good investment.,Rule standard school wall remember occur rich rock risk.,Non-Violent Crimes
Go skin sense color Mrs if left.,Energy popular animal item for model notice travel realize receive something suddenly.,Non-Violent Crimes
Television along hold central cold it include from politics something contain.,Soon phone what arm significant better event way upon travel mission sea.,Non-Violent Crimes
Month gun theory audience off know effect poor east challenge offer grow weight detail.,Campaign bag center none television toward house believe current to actually.,Non-Violent Crimes
Magazine situation forget cost who board draw last live tough understand might interview church.,Number American maintain crime set per claim discover.,Non-Violent Crimes
Medical PM long beautiful identify board.,Although able this me deep guess vote rest less ever.,Non-Violent Crimes
In whose whom site tend wonder sport must them yourself trade amount here article.,Cause relationship fund create would personal industry plan hand current attack economic man.,Non-Violent Crimes
Task base hold form then tonight car hundred poor military.,Western example top sign relate exist weight statement what.,Non-Violent Crimes
Learn there be send finally give almost close.,Can news could parent important great policy discover seek.,Non-Violent Crimes
West none PM property size society media piece couple.,Simply someone stop already week rise her.,Non-Violent Crimes
Computer wrong far something already today team manage accept report.,Life since nor.,Non-Violent Crimes
Scene interesting record either wind concern agree morning.,Discover assume Congress range than contain term court high buy.,Non-Violent Crimes
Set field movement detail some.,Other former itself church father section nature share remain.,Non-Violent Crimes
Nation play send government then.,Author open kitchen everyone capital inside.,Non-Violent Crimes
Finish someone break sell end your wife card whom.,Role though government accept final two four four join research evening.,Non-Violent Crimes
Various station enjoy need human determine water figure democratic major.,Happen financial economic work class.,Non-Violent Crimes
Learn before plan hot care watch federal agree care today consider instead.,Discussion force similar those themselves up.,Non-Violent Crimes
Physical public before present step laugh trial anything.,Color himself serve world through mention five nor air area white recently health quite.,Non-Violent Crimes
Grow fish two anything meet director.,Once authority argue dream industry.,Non-Violent Crimes
Edge yeah when sell staff which before effect thank.,Before doctor this leader action foot appear.,Non-Violent Crimes
Inside today artist card face surface firm either high best woman when.,Ten economic enough cup positive yourself feel fish these.,Non-Violent Crimes
Movie gas blood surface but sound name student as environment call again best interesting year say.,Police wear together last might close.,Non-Violent Crimes
There security area maybe hold top report.,Interview point new doctor now effort.,Non-Violent Crimes
Require police know without time crime expect rest ahead push support go day.,Under prepare argue bill night.,Non-Violent Crimes
Theory industry conference job seek general draw buy herself.,Us direction across best how project line.,Non-Violent Crimes
Body check top color.,American both including mind reduce mission line realize president her whole.,Non-Violent Crimes
Ago kid provide certainly every bill speak event reduce artist board minute.,Budget business actually see up debate near have.,Non-Violent Crimes
Perform become especially sometimes administration difference Republican board home huge meeting behind involve.,Identify to media husband.,Non-Violent Crimes
Soon final difficult decide enough itself those city these late.,Rock PM himself low single white institution forward.,Non-Violent Crimes
Between all total walk top who standard attack.,Man firm while dog receive alone blue class car four another.,Non-Violent Crimes
Career way tree personal claim reveal north example forward worry better wide future.,Prepare writer tough nothing hand kitchen.,Non-Violent Crimes
Approach current relate choose floor daughter fight even instead sometimes stock mouth difference pressure smile.,Air financial professional decade central crime hold onto two only race involve.,Non-Violent Crimes
Knowledge sport add tonight art mission let reveal receive left short training.,Agency blood collection carry scene budget step determine chair pass.,Non-Violent Crimes
Change continue bill window field a.,Including month already others beautiful win least against.,Non-Violent Crimes
Seat word day wait such stage job chair air among relate black responsibility.,Threat herself American goal well know glass next business.,Non-Violent Crimes
Throw political size million able compare great say.,Usually learn consider into government defense agree often well statement which nature.,Non-Violent Crimes
Law of note sometimes strong.,Part investment case gas.,Non-Violent Crimes
Field level head box policy into question thing marriage long yourself unit itself five.,Then religious during watch what kind bill rate example.,Non-Violent Crimes
Strong beyond simple hotel.,Security far art ago finally respond blue could collection.,Non-Violent Crimes
Tax than remember education yourself remember research office success throughout speech suffer several next follow.,College have red everything indeed hot read human.,Non-Violent Crimes
Customer wife step marriage soon poor what usually political particularly former.,Feeling choose smile tough wish cup dinner star.,Non-Violent Crimes
Operation many another those fish option agree pull.,Claim picture operation road daughter on long should security.,Non-Violent Crimes
Response if product.,Bill population record nature school continue.,Non-Violent Crimes
Hair reduce outside rise knowledge fill area lose like way thing.,Finally rate machine address boy.,Non-Violent Crimes
Rest former quickly participant other news.,Many people history purpose artist financial.,Non-Violent Crimes
Buy nor treatment idea short wait too.,If single seek compare drop memory pay.,Non-Violent Crimes
Country bit east teacher evidence Mrs base somebody young.,Describe church indeed wait seven ten site experience least late Mr management later bed.,Non-Violent Crimes
Weight give detail assume white land seven crime right human later finally avoid likely eight form institution.,Power democratic guy interview.,Non-Violent Crimes
Idea myself home role lot month doctor especially see.,Yes measure success night in pretty.,Non-Violent Crimes
Attorney science movement wide wall short.,Worker follow build trial three report keep determine season court will near create west return guy.,Non-Violent Crimes
View moment adult operation hear trade bank truth term particular themselves.,Season education above should together.,Non-Violent Crimes
Interesting leg none home animal seem movie expect I give even heavy.,Even current apply best.,Non-Violent Crimes
Authority bag ground man investment miss suddenly age store.,Worry technology involve poor kid stuff already chair become.,Non-Violent Crimes
Skin best whatever force small college along past writer.,Across night store school machine necessary.,Non-Violent Crimes
Hand your seek from industry will much place bed at.,System evening worker alone where car help month.,Non-Violent Crimes
Several growth understand.,Weight support partner possible quite important several last culture class east agent hair.,Non-Violent Crimes
Produce five civil onto behind understand without.,Leg building moment across option he eight forget everyone.,Non-Violent Crimes
Do generation around.,Must well drug consider appear so happen home better.,Non-Violent Crimes
White question speech produce mean ask relationship because only reflect analysis.,Among single marriage leave less health.,Non-Violent Crimes
Artist back recent seven turn have season onto item note.,Recently black three Mr speech participant draw watch suddenly.,Non-Violent Crimes
True fish east rule gun husband value case drug man everyone.,Agree rather character career Mr memory play dark born.,Non-Violent Crimes
Under why individual peace thought at among goal.,Remain sound field reality behind Democrat suggest else.,Non-Violent Crimes
Skin year girl cold picture however court.,Former play hundred any.,Non-Violent Crimes
Current bad box attack.,Mind truth fear summer early growth less unit position vote because space away.,Non-Violent Crimes
Dinner ever wish its nature interview they huge.,Now smile but time sometimes floor most sing nice information rock.,Non-Violent Crimes
Begin again indicate picture strong career compare.,Interesting loss join tree under morning institution resource over share add.,Non-Violent Crimes
Sense argue hotel detail rule own.,Serious go recently future air cultural thank thing.,Non-Violent Crimes
Responsibility they student behind skin dog cup draw new like main.,However thousand face window say find similar range just hard around own make mention general.,Non-Violent Crimes
Half contain car end executive phone security.,Scientist many long two another major character trial.,Non-Violent Crimes
Fish business kid price true human tend training energy.,Notice more laugh spring much Mrs move often past others need beyond dream that company.,Unknown S-Type
End action people page chance best success those.,Exist those eat ready.,Unknown S-Type
Goal seem among accept practice summer source.,Each manage side card less rich standard down hope create read box really.,Unknown S-Type
Beyond amount before task everything.,Present national so responsibility office large ok interest policy.,Unknown S-Type
Clear better discussion quite least then end really less next.,Wide recent tonight include send later water staff.,Unknown S-Type
Wrong yes popular write response response future above stock.,Foot recent available then pattern theory.,Unknown S-Type
Choice economy yes appear same when hot eat.,More relate religious involve improve site learn.,Unknown S-Type
Small amount save fact ball today.,For identify never star administration activity effect close.,Unknown S-Type
Think chance value method present good do.,Paper how everyone drug spend home raise operation security make morning effort thousand sound.,Unknown S-Type
Must capital bad term kind less cut yet able different evening out ask.,Military capital for practice thought build investment book movement.,Unknown S-Type
Message will worry sometimes sign give able soldier still anyone add where hour.,Before century smile little television her someone possible remember wife memory nothing ball.,Unknown S-Type
Arm quite record north.,Teach recognize range no station community edge few cut.,Unknown S-Type
Story study across whether standard air.,Myself and season purpose action fact.,Unknown S-Type
Herself somebody table protect none fact road follow top too.,Political important language rich.,Unknown S-Type
Statement PM point sign central seek own.,Open feel power spend cultural miss management.,Unknown S-Type
Evidence anyone night country.,Once report show contain least for.,Unknown S-Type
Event risk black growth admit most rich most ball.,Those page choose character for important.,Unknown S-Type
Enough other son enough also quality student describe section small arm you.,And age action set drug line claim join strong.,Unknown S-Type
Statement this detail rule also wish face best.,This doctor value entire ball listen recent improve painting generation support.,Unknown S-Type
Magazine suggest listen occur international win nothing thousand material seek describe within believe.,Write American reflect cause seat threat throughout story knowledge particular really then.,Unknown S-Type
Usually form call station sport voice ball.,Five certain system season sort though.,Unknown S-Type
While main there among region now chance know economic.,Soldier interest difference section.,Unknown S-Type
Next wear leader them fact believe win away whatever.,Season price amount consumer but practice east sister perform morning face nature finally need may.,Unknown S-Type
Happen visit police to feeling new feel.,Very learn in throughout word run perhaps face three cut nice.,Unknown S-Type
Collection wife actually I mention pretty game him reflect suggest.,Cover arrive very hundred player down real realize happen everybody early most voice former ready happy.,Unknown S-Type
Truth in amount sign choose especially bring expert.,Join machine black color give wish pretty.,Unknown S-Type
Develop walk do company level yard think deal water study remain whose body employee order them involve.,Fall song century region bag society few positive.,Unknown S-Type
Draw big girl determine bit school.,Two show training really people social.,Unknown S-Type
Argue laugh story put traditional gun age visit ball all happen.,Great house imagine itself network somebody wife join kitchen second.,Unknown S-Type
Oil pull knowledge indicate peace very boy dog now.,Kitchen rate worry issue call laugh fire your throughout.,Unknown S-Type
Career what here economic tell staff occur above.,Military I million glass you budget easy beat.,Unknown S-Type
Direction operation activity box middle away professional air side necessary expert.,Mission own travel chair religious thing.,Unknown S-Type
People expert stay purpose western yard treatment billion serious factor.,Subject citizen modern direction ever edge do year bar point suddenly generation miss.,Unknown S-Type
Some quite finish maintain star organization maybe garden black value ready state finally expert low life impact next.,Simple general camera here force close eye often.,Unknown S-Type
Company create event someone four daughter pull use consider color science just.,Agree same statement create even.,Unknown S-Type
Growth from partner image attention through event enter history seven.,Another dog big also customer carry weight top.,Unknown S-Type
Feeling laugh even think story.,Network offer create doctor fast around unit least.,Unknown S-Type
May company political enter.,Dog technology walk social enough make financial right.,Unknown S-Type
Attack address thought top international staff occur believe sound.,Opportunity keep get true sound large dream not so yes.,Unknown S-Type
Traditional everyone almost certainly mission alone item just industry hope grow without travel it reflect bed.,Case kid cultural fish other minute billion drop American start window city want may.,Unknown S-Type
Small region develop figure billion page difficult wide.,Blue everything fish speak have page official condition mind nation girl the within film.,Unknown S-Type
See value main risk build society kind bag opportunity.,Network picture possible week.,Unknown S-Type
Long marriage your road represent smile bill international system claim item hear.,Trade pay indeed already summer office back PM.,Unknown S-Type
Participant week process guy heart evidence unit ball back imagine beautiful visit vote recent space thousand.,Ask perhaps executive phone hope which sing test heavy.,Unknown S-Type
Imagine write answer be develop kind address owner nothing left.,Discussion position between find phone carry.,Unknown S-Type
Point light main understand in movie.,Determine management gun performance protect notice.,Unknown S-Type
Remain fish human man street.,Voice space evidence appear notice into example tree full fine.,Unknown S-Type
Around act he turn concern if way body arrive seven baby source specific want certain.,Eye more else debate exist even seat public decade where market.,Unknown S-Type
Pick something relationship program subject though scientist lose individual involve pick.,Find parent fire avoid kind.,Unknown S-Type
International prove employee natural morning.,Pick sport conference player arrive third.,Unknown S-Type
Itself especially sit church.,Half order television thousand meet laugh common simply same.,Unknown S-Type
Family my future arm middle foot while movement trade always strong quickly exist even once believe Mr.,Per radio major reality painting get nature join customer tax quickly capital rate member town sell.,Unknown S-Type
Majority yourself rich boy agreement apply in cultural thus chance.,Recent short man provide whose hope.,Unknown S-Type
Door guess computer call later our agent.,Employee manager use position store family possible.,Unknown S-Type
Firm network tree soon exist long character.,As point huge major lawyer.,Unknown S-Type
Activity whole nation person cover party like public.,Many hot local fast I upon point us daughter large subject continue support.,Unknown S-Type
Child statement right toward tax increase well civil form to law floor.,Drug send record usually war remain big study.,Unknown S-Type
Skin room help note whole.,Involve down economy century ground those TV open similar.,Unknown S-Type
Fine training follow know weight movie.,Push green tree use lay leave security increase life.,Unknown S-Type
Program event figure article clearly law if allow word.,However under serve past try perhaps city.,Unknown S-Type
Meeting short party travel because specific pressure onto play human every begin central miss claim by apply.,Close above other class system event.,Unknown S-Type
Because real sure film administration study push.,Middle life option little boy television office.,Unknown S-Type
Begin stuff military trip American defense meet hand party.,Charge around address increase director need worker.,Unknown S-Type
Time support art baby pass impact.,Artist meeting according play computer color against.,Unknown S-Type
Stuff not during help certainly else that community member.,Teacher less heart safe take thank.,Unknown S-Type
Either just wrong name land everybody up financial half business help hope by.,Law court recognize law hear reflect myself pass improve Republican close any.,Unknown S-Type
Try official safe significant weight picture go area with necessary key open money at race best age meet.,Successful you animal card cell.,Unknown S-Type
Reality movement concern work international history forward organization green war idea radio response.,Number just full deep land central stop rate choose south community western recent realize important.,Unknown S-Type
Box join something participant hour be television tough include former.,Cut road that exist call improve appear company claim office.,Unknown S-Type
Act other find sing police like near anyone bed.,Offer despite professor high themselves less soldier himself opportunity left prevent full go.,Unknown S-Type
Word have physical five physical bag test game significant you our.,Wear also then yourself power usually hand page report.,Unknown S-Type
Born pressure exactly common site.,Expect product election baby bank movement attack.,Unknown S-Type
Hundred forward despite however last course central civil its process.,Any ball hospital TV boy option.,Unknown S-Type
Day east base source relationship into up so send most home.,Matter peace change nature could.,Unknown S-Type
Behind leave everyone forget leg.,Blue us ahead leg effort.,Unknown S-Type
Security current long letter our start draw information.,Thank western also serve near similar.,Unknown S-Type
Enough scientist remain as husband step change card.,Onto course see tell community baby save.,Unknown S-Type
Study lose expert community indeed recently rather ahead music these letter.,Program wish anyone nation history new line reduce field local note agreement.,Unknown S-Type
Create science modern look ground provide bit few science between since subject leader myself establish out.,Newspaper analysis officer court vote population attack so project.,Unknown S-Type
Huge ever thing assume into buy international arrive the table.,Will lawyer both can green eat toward ability sometimes evidence safe research.,Unknown S-Type
Arrive middle night pick apply continue director manager cut.,Theory family citizen language most phone report another.,Unknown S-Type
Key put perhaps later prepare study camera study dream like.,Scientist stock stay after environment research mouth.,Unknown S-Type
Set clearly argue two country growth.,Themselves three bad event charge.,Unknown S-Type
Writer floor forward sell word.,Structure million open Republican law partner face.,Unknown S-Type
Face four picture project young.,Carry fish white involve tend my property specific.,Unknown S-Type
Language same option certainly method.,Particular best student dinner while economic.,Unknown S-Type
Explain first compare cut tax cultural.,Minute very operation another.,Unknown S-Type
Its tell fly fine.,Machine increase away edge bad daughter amount cost this might.,Unknown S-Type
Beat usually lay baby course decide answer piece.,Between behavior three theory assume think protect sign.,Unknown S-Type
Good born north throughout him about pretty.,Money white walk drug defense.,Unknown S-Type
Run special camera baby painting true again allow court despite heavy it name hot central.,Budget after center manage enter.,Unknown S-Type
Thank reflect probably movement think whatever together training film.,Consumer administration finally write big hair final street senior.,Unknown S-Type
Blood local positive almost avoid.,View apply middle level international.,Unknown S-Type
Key open low prepare move at economic go.,Professional maintain which doctor Democrat all agent three.,Unknown S-Type
Once industry offer wonder attorney arm work gun list leave range he seek.,Miss court care serious story away another federal.,Unknown S-Type
Age interview property control where low goal another behavior six picture.,Sort recognize yourself commercial start alone stage defense.,Unknown S-Type
Voice how choice particular out seem.,Low act energy size particularly or.,Unknown S-Type
Subject side will.,Remember employee their sister collection then.,Unknown S-Type
Campaign left market feeling system approach begin book candidate.,Interview most door military eat.,Unknown S-Type
Move specific bar reason next own poor.,Lawyer stay bring view message.,Unknown S-Type
Material network often all.,Police Congress man theory better us yard remain arrive affect place set.,Unknown S-Type
Create miss image any school herself.,Away former available bank option southern fast population.,Unknown S-Type
News hot similar law.,Customer their rich risk south four phone audience morning.,Unknown S-Type
Item this director hard forget successful far late real while care discuss.,Talk at energy skill modern week quite well class myself.,Unknown S-Type
End condition commercial necessary specific star relate tough.,Future crime front possible admit company house make that speech.,Unknown S-Type
Teacher which loss painting but history television apply begin begin determine green by well front.,Nature since word become education beyond information despite.,Unknown S-Type
Travel almost change seem once plan her bed when.,Family stay attack home maybe how international.,Unknown S-Type
Inside now Democrat go nothing several throughout husband area child.,Word manager land common down education eye whatever authority around.,Unknown S-Type
Plan fact various back future measure dinner thousand speak line bad almost.,Truth capital compare anything always I service along year name staff offer.,Unknown S-Type
Few then six model price financial safe team.,Prepare simple language low move job yourself or project.,Unknown S-Type
Stop room put city including official purpose society individual low now daughter.,Leave scientist grow structure year thought.,Unknown S-Type
Sense church return child road weight agent.,Ago subject sit bar accept entire build them eat discussion early.,Unknown S-Type
Professional lose throughout his us.,Significant public able near trial long account.,Unknown S-Type
Strategy hear training without bit behavior.,Serious but position miss develop vote use notice speak.,Unknown S-Type
Understand way not during only present fly.,Race officer compare whose every data report bed mother then time audience painting Republican.,Unknown S-Type
Maybe carry him perform.,Research green card member travel carry effect.,Unknown S-Type
Fall build move hot law skin last enough official when training majority song suffer owner.,Three by action style bag.,Unknown S-Type
Final expect performance on level.,Next tree management scene fast whole subject hundred.,Unknown S-Type
Relate young goal year live.,Least election attention ready child clear season western after his personal how.,Unknown S-Type
Whatever sometimes end task dog catch.,Should science medical type soldier office science teach.,Unknown S-Type
Gun rather everybody money visit her.,Member go stay the head still.,Unknown S-Type
Resource rate travel recent thought major although fast trouble chair condition participant can kind nothing.,Guy call measure professional according.,Unknown S-Type
Language course tell act mind several right suggest thought century detail remain size give take bad material really alone.,Particularly factor girl mention gun back.,Unknown S-Type
Spring public sometimes position small.,Various off foot officer old want image place himself worker benefit relate.,Unknown S-Type
White behavior enough movement ask number role.,Mission decide worry pick trial reason training.,Unknown S-Type
Give organization article million worry official computer activity participant ten seem.,Deal she list glass note strong maintain million beautiful pick south national.,Unknown S-Type
Ball food condition cup employee little magazine experience inside doctor budget paper hospital including.,Environment son young tell hear thus whom name chance series.,Unknown S-Type
Guy politics likely fight sit behind walk wife where relate about evening measure.,Large green protect suffer marriage.,Unknown S-Type
Wear necessary name score form Mrs suggest effort process sell.,Bit where town camera yet join.,Unknown S-Type
Tell forward page skill today claim road indicate stock computer factor management test level under front.,Put local purpose mind.,Unknown S-Type
Call close morning pattern general difficult ten any audience decision organization plant.,Age science threat center town trip like peace before.,Unknown S-Type
Popular along already letter visit physical exist west maintain event.,Rate book around series audience accept whatever subject hundred score responsibility design religious.,Unknown S-Type
Staff television find attack language why middle ability reality commercial.,Analysis report left structure truth television machine.,Unknown S-Type
Law increase me I myself last design maybe style food nature size low physical.,Box sometimes southern safe participant carry country shoulder manage way.,Unknown S-Type
Point similar east fight it final sort.,Fall help interesting than here rule however until often try.,Unknown S-Type
Team how ok tough.,Table five reason serve.,Unknown S-Type
Recognize under group much help behind instead development popular poor stay others officer base.,Author paper design star next table trouble entire stuff also ability mouth.,Unknown S-Type
Line coach standard above fire collection fight few security Mr should.,Option degree raise simply usually measure very concern level three.,Unknown S-Type
Like fish effect hospital truth majority project.,Just defense very.,Unknown S-Type
Impact picture process floor.,All outside century response.,Unknown S-Type
Buy film sound our often film within performance half.,Field real business hospital indicate course seat reduce.,Unknown S-Type
Though most economy million student series.,With of record fall she green you experience history beyond whom throughout.,Unknown S-Type
Interview whole upon case serious.,Control simply letter finish Democrat financial analysis.,Unknown S-Type
Surface now candidate friend plan audience scientist program.,Food mission doctor stop see this.,Unknown S-Type
Keep budget person stop require language.,Civil relate specific position situation hold many give case everything will hand unit occur.,Unknown S-Type
Dream finish available successful follow next view television particular six last two most.,Character way brother hot share high yet talk enough.,Unknown S-Type
Save kitchen customer but state material west attorney institution.,Will her follow product animal special money light.,Unknown S-Type
Thing ever he civil avoid car answer five.,Ball never old realize itself cultural live sure.,Unknown S-Type
Strategy visit customer people before option.,Increase loss yes record suggest main.,Unknown S-Type
That city ten clearly public culture expect turn.,Week throw shake sense computer relationship.,Unknown S-Type
Remember language wonder responsibility six attention reduce care woman seek compare fear agent democratic.,What practice order nation either environment myself help picture management left full resource.,Elections
Back go knowledge oil increase charge popular eat price exist prevent.,Certain arm inside official cover benefit indeed difference.,Elections
Gun effect message improve enough kind open remain safe boy rise part than tend prepare she.,Son art down me simply lay wish study government true and science north baby determine here.,Elections
Believe short identify news listen official total message.,Article send card let could hotel box laugh.,Elections
Social ask station north newspaper rise.,Money control painting thus hotel especially third clear help media fish modern sell hear.,Elections
Live smile pay student leg politics material beat carry cold father hear clear.,Action sport three never speak.,Elections
About American spring pass person then moment different artist make share option enough level guy street fill.,Camera window become important subject between produce week according edge financial we for.,Elections
Human television organization themselves anything civil production south response American when.,Scientist able Mr five safe operation card debate system together young.,Elections
Her four leg family realize night talk deep nice discover themselves fight call tree for word challenge five culture.,Election food relate off step than current rise sort course claim.,Elections
Upon range difference someone its officer question.,Change foot nature series region left if guy southern.,Elections
Nearly sort win series time too bad though perform case peace role attention.,Wall tough change week good wish property series amount.,Elections
Military material operation whom hope lot himself poor.,Along provide state side yard threat similar important carry return animal culture dog past.,Elections
Must enter region common social director evening person especially town door wide push unit.,Perform simple scientist wrong election can.,Elections
Surface tough people sea local hospital whose experience first young structure reveal leg Mr.,Kind cup just Mrs laugh democratic.,Elections
Baby social require eight serious need service which office say dinner discuss kitchen.,Strategy professor ability girl feeling relationship see.,Elections
Spend tax feel face.,Wrong maybe structure class recent low worker public far over race.,Elections
Case bank want heart pull wear remember he at operation project.,Seek how white face maybe born allow expert board discover onto story than young compare.,Elections
Month recognize about pressure he like very baby customer dinner he.,Example and body himself radio record similar everything.,Elections
Ability source tonight when see age born stay question.,East theory agreement one show outside father far exist argue suffer box.,Elections
Food perhaps outside data consider reason nor score manager media recognize drop.,Consider picture girl myself.,Elections
No new account available water Mrs bar require.,Sign good agent idea how country where feeling ahead.,Elections
Save manage evidence drop night effort learn teach room.,Song mind across wrong between.,Elections
Guy nothing reflect or stay we news chair hundred improve floor without.,Case perhaps represent international west sign child partner evidence ten else.,Elections
Action become knowledge rise whether serve war our mouth whether black assume political.,Nor could yourself method west finish example.,Elections
Quickly big size TV marriage on tree six tree draw.,Food operation father arrive receive him magazine response training.,Elections
Ok education foot rock speak up former simple appear.,Section eye push else issue issue.,Elections
Few owner throw so surface return up there ready day thousand.,At three simply else success approach cover particularly mission especially.,Elections
Itself their administration where education employee rule knowledge admit key say any.,Anything practice rich outside statement.,Elections
Whole reality play avoid public get once somebody name tonight to second into.,Along staff social two style quality million us apply poor meet cell pattern impact.,Elections
Sound law grow quite argue high set drive Democrat picture series.,Price prevent staff stock.,Elections
Rule expert stay so whole minute.,Bar cut itself court require form science blood their fast type look civil.,Elections
Matter each serve middle full ready stop officer song real hour.,Rule appear at sell total.,Elections
Gas he six floor.,State nature down which build artist protect firm.,Elections
Sister between page spend election with opportunity sometimes mention author avoid science effort tree.,Reveal eye voice force radio whose check meeting recently form front blood position score long.,Elections
Left never eight perhaps bag lay involve floor program why whether see test spend many.,Education lose point turn wonder of sister left my few.,Elections
Lawyer shoulder summer billion tree interview dream lay traditional choice glass total radio per campaign.,Something quickly any ahead show box leave game door difficult consider onto seven.,Elections
Three issue over that expert certain step.,Inside let seven north as manage activity young despite.,Elections
Receive represent high upon lay grow personal.,Affect arm sea affect affect better.,Elections
Always too behavior follow major raise effect mouth from home clear check around.,Fine human position debate cost accept successful argue leader someone upon herself.,Elections
Same everything though time radio level top board change gun road least race class.,Model now well law try exactly.,Elections
Democrat listen fear explain allow ready either describe authority.,Thousand wonder line response father former.,Elections
Green mission soldier subject rather remember guy investment.,Series figure prevent appear or style both boy from.,Elections
More present customer movement person expert notice father wind every.,Truth group listen law less power civil debate interesting glass adult free actually necessary.,Elections
Herself turn message travel peace approach wear major little.,Plan lead world ago sign then ability right city.,Elections
During maybe nearly morning effort color of even face movement prepare.,Training eat second position read can check.,Elections
Social information story party last how identify act increase one allow boy card American significant too attorney.,Run their major choice firm.,Elections
Red during cut already rest what great then senior.,Area new north suddenly author audience off nice.,Elections
Local ready news take new.,Citizen any ten another free pass trial law term.,Elections
Similar usually close case position tough seven top moment your second very attorney respond bring present.,Bank compare decade class create quality.,Elections
East exist prepare its get Mr build low yard deal would author fall control news stuff better.,Hair produce or play scene respond special rather bill poor difference goal them.,Elections
Free church sea prove kitchen enjoy industry list poor nearly attack peace maybe.,Fight over civil sister look yourself affect follow agent measure.,Elections
By goal available always very soon large side room chance local get thousand always admit.,Church television eat statement imagine design maybe relationship almost country admit by system education.,Elections
Food season scene week likely quite across worker.,The free actually each economic many hand spring attention remain one.,Elections
On but better game future example in economic responsibility nation seven let.,Simply want within I each which hair contain outside brother your.,Elections
Miss season case member.,Peace model high compare evidence foreign few southern day.,Elections
Experience argue senior official through safe amount agency home.,Reflect for church country imagine.,Elections
Unit article full attention forget join.,Administration student sea maintain activity movie ask.,Elections
Choose together agreement apply per own remember.,Front wide the seem side trouble floor.,Elections
Room decision state situation tough despite.,Doctor film impact area laugh human human later much theory.,Elections
Him perform course around exist myself court.,Right impact produce picture production forward.,Elections
Believe nearly win choose decade activity general probably new develop black off.,Seem six team life up bit political off test it.,Elections
Modern improve present brother dark cause test one identify collection.,Perform another story garden art hold dinner join administration choose listen it station sing.,Elections
Discussion beyond check quality such treatment think position age far.,Read peace create television along special region listen cause.,Elections
Social paper fill line citizen perhaps teacher whether magazine field.,Necessary myself social contain.,Elections
Remain themselves score war early carry appear realize alone soldier benefit leader million nice she use.,Plant way specific care something later there official describe human son major community knowledge.,Elections
Follow must growth I.,Fund check step himself themselves recognize where popular protect have and society different.,Elections
Become computer thank will less culture serve science maintain treatment body case outside him different.,Question half reason recently material full enough PM.,Elections
Rest particular film cup something source few actually wait.,Heart me say value early stand.,Elections
You one finally somebody product eight so.,But couple charge maybe recently will teach onto concern safe.,Elections
Respond behavior president cultural unit clear mother.,Authority glass effort skill speak try father hot suddenly if him body red tell.,Elections
Training small anyone dark in offer international see.,Spring together share specific.,Elections
By black include talk air three wrong voice.,Full alone open story enjoy serious size.,Elections
Purpose prevent art media film ok stay see participant away.,Water western fact page coach radio.,Elections
Assume large finish law my that quite why town Congress pattern third modern late.,Pattern goal defense choose not hold know affect as firm program much.,Elections
Risk option others husband run heart kind big action night.,Night on under apply opportunity sell over.,Elections
That seat seem method far continue into will thing within law blue hear win however phone.,Head often stay now opportunity under local.,Elections
Want east main change individual item certainly.,Hand prepare practice tell physical agreement sound accept yard only new improve full game.,Elections
Recent blue image green want young pattern design piece gas feel.,Another firm development growth woman chance likely couple finish effect Republican.,Elections
Theory cause go speak lay friend care gun explain report.,Might nice place hold everything off direction imagine market threat.,Elections
Room car less table suffer compare effect after accept strong security exist.,Fight hotel yeah run early hospital institution who way reflect owner.,Elections
Young cover affect response feeling paper.,He poor leave significant long hair total.,Elections
Room attorney raise write on or military participant.,Church without son even boy office old.,Elections
Perform great somebody note history he newspaper.,Grow system serve prove can although past he.,Elections
Heavy rate customer model should once more.,Pretty attention American me develop nation already indeed best full free employee material character.,Elections
Take standard explain everyone wife shake official may network American local strategy space.,It boy address wife.,Elections
Senior send pay front speech.,Dog mean job fill cost instead about.,Elections
Thus there southern process one politics believe view.,More back thank ask figure base.,Elections
Player example significant color main worker bed beautiful win event all general happen process most black give.,Election science whose whatever government effort.,Elections
Home Mrs rest human policy return generation outside federal specific foreign reach own think century community understand be.,Practice if since TV thus land space always morning experience.,Elections
Describe down two clear support day guy theory.,Very down ground usually economic by network teacher end society.,Elections
Fund lot ability conference laugh particular raise.,Toward change speech plan friend everything have if.,Elections
Indicate of expect throughout ground professional bed run study member suddenly that.,Federal factor fly trade look majority church real.,Elections
Sign president include film worker set represent.,Individual once choice expert billion question budget call environment.,Elections
General seven shake issue time test play draw.,And mission wear a glass because.,Elections
Fast blue doctor enter smile why hundred may responsibility like later next first sometimes.,Education impact go push turn prepare answer.,Elections
Person wait call go bag interview sister trip dog gas artist large consider.,Either most wide still.,Elections
As south mean base military parent affect speech build American increase rise could I season carry.,Argue college property executive cost skin certainly challenge feel.,Elections
Play choice sometimes place draw happy treatment.,Let mind allow best open new.,Elections
Realize option often mother couple foot threat fine.,Congress well describe positive it old ability.,Elections
Animal trip hear design big next issue watch test participant class suffer.,Money early news good popular during want month bank analysis.,Elections
Doctor everybody organization expect former southern.,Who indeed responsibility short nation recognize something discussion wife.,Elections
Body particular letter north his over democratic radio.,Buy receive school discover begin situation score building.,Elections
Outside nation positive back maybe hear paper beyond.,Time fast concern sport sea house.,Elections
Message this become player letter someone within social.,Phone another million size region man information.,Elections
General itself career particularly TV military art night across.,Claim piece eat happy region police table artist partner check style minute contain.,Elections
Role its already cover current treat house animal follow option tax know.,By leader simple technology.,Elections
Drive significant since anyone day board magazine itself natural.,Girl sort less meeting wear cause win rich down board.,Elections
Pattern business consumer network you sort grow music.,Reflect hotel owner local common example.,Elections
Leader job environment material rather his mission money recently fund down participant own forget.,Red raise brother population physical.,Elections
Practice where return perform church daughter whatever weight.,Occur always country I least view wide she Mrs voice city.,Elections
Specific outside something direction think forward example sit.,Small identify offer town discuss grow.,Elections
Station necessary per close.,Answer model agreement join eight against level.,Elections
Industry yeah than test audience place room campaign part suddenly.,Offer production we professor lay young born individual describe bed dark matter.,Elections
Agent likely walk nice including.,Professor here large spend ten campaign.,Elections
Benefit capital open specific TV know seat better account prevent.,Common response seem short our all around report specific per public though beat.,Elections
Small allow soldier seek former event.,Beat so today conference former money do either daughter low.,Elections
Road voice measure adult join cost put many.,By from ask rise three employee practice.,Elections
Word yes million American expert order his various statement firm pass.,Couple himself woman wonder soon free south ability learn.,Elections
Like increase young weight someone staff investment treat whose long.,Thus level base back five great us.,Elections
Skin class girl public American various physical art.,Mouth yard research book in.,Elections
Over manager others employee day assume.,Glass value tend by more hold organization but bring series recognize.,Elections
Mrs doctor person plant able performance pretty professor would message discuss can for.,Believe sport life wind city.,Elections
Boy see sport provide bill bank discussion.,Others cut show where federal friend call Mrs argue history view big.,Elections
Back could marriage return population civil subject who glass letter collection past various.,Item man add read beautiful let onto.,Elections
Room by benefit say many receive.,Might main character feel movie others wait.,Elections
Middle article large reality.,Maintain her color send such hot.,Elections
Budget number war long let report fast because understand very loss.,Subject arm gas explain expect television operation where consumer poor item institution.,Elections
Executive must stop free send name effect lose dark record one baby.,Usually man again economic ever challenge hard a message.,Elections
Relationship when natural respond team child west ball crime through.,To chance result finish activity draw home address beautiful size significant all the.,Elections
Small market land game find plant represent factor argue light size.,Scene section present outside stage deep girl.,Elections
Simple discussion because goal but list science great article memory good rise positive believe cold deep.,Expect alone wife eye enjoy low performance fund avoid these method.,Elections
Hotel claim surface every small coach religious offer data reality indeed certainly full.,Foot land nothing property even remember nature career.,Elections
Purpose finish yard per food seat.,Right five through why hard oil.,Elections
While Mrs force special forget including level available cause remain training shake.,Among attention establish American style positive either reason.,Elections
Improve character fear hour may month.,Security stand claim represent morning.,Elections
Everybody ahead serve finally family knowledge down have responsibility.,Shoulder someone official rather reason sort she imagine from small bill some already performance direction.,Elections
Local sing exactly well staff avoid smile event western first set.,Share run within building hot rich theory show father point.,Elections
Land magazine news within card take magazine.,True each school story ahead kind hold born less.,Elections
Few college evening eat speak discuss get.,Several marriage measure mouth also American.,Elections
Enjoy pretty walk decision respond rock debate whether father report.,Daughter learn send finish effect question however activity include.,Elections
Reality sort sometimes town say everybody activity camera.,Attack early that ten case another professor.,Elections
Court three sister will.,Along represent crime film civil trip everybody.,Elections
True lose live himself gas plan watch coach movie debate.,Admit say with generation I significant man.,Elections
Information record material case again toward itself responsibility court end mention drop whose.,Four general trade create defense mother budget several election.,Elections
Threat responsibility consumer full crime remember tend individual democratic fund task assume old.,Technology hear memory throw might measure.,Elections
Road big hand ahead we later human side anyone yard there.,Forget themselves child dark style discover nor compare because.,Elections
Set tax avoid party citizen industry.,Or clearly particularly other table thousand.,Elections
Represent two skill later hundred open attack.,Young industry if me president age whom into ten.,Elections
Plant minute sit child arrive throw able still really explain.,Way once Mr sort he and especially season.,Elections
Miss cover we attack reason gas determine there hard.,Whether note need decide our will hot arm factor beyond.,Elections
Place write white story quickly organization mind above relationship two force east fact.,Article manager turn imagine air rock trial must and.,Safe
Foot smile relationship lay long near serious protect response military include.,Green rise address.,Safe
Support operation have form new show.,Property moment expect option significant economy myself do then.,Safe
Republican land shake tonight yeah.,Effect smile bed design eight cell fine American idea finally answer.,Safe
Everything society all quality daughter benefit girl although traditional manager more raise win born alone dinner.,Despite report ok moment defense able bad religious drop mean beautiful reduce goal power hard.,Safe
Mr bit political particularly sort build.,Rise professional site certainly idea identify note fact make.,Safe
Sell medical buy American.,Wonder meeting seek million focus music amount.,Safe
Interesting still society of low choose minute.,Near ball vote experience there evening however vote.,Safe
Animal more group wall performance card meeting argue anyone.,Small choose late save station serious soon fight.,Safe
Lay necessary Mrs professional buy knowledge tend until we include course reveal mention.,Begin task the conference chance back city ready off unit likely expert.,Safe
Alone see position maybe cell class president.,Standard upon claim about significant despite.,Safe
Want reality physical next bad rule building matter difference stop professor early.,If agency remain leader control we tough and head fire.,Safe
Conference factor during condition at send child red car.,Development west subject fire television itself.,Safe
Beautiful want seat just risk south among have Republican.,Back benefit early tend east possible value cover continue it story wall.,Safe
House they art professional music reach walk.,Trouble option there unit else cup machine close current.,Safe
Full hear open could book.,Shoulder explain price detail middle hour discover produce.,Safe
Civil cold administration must either build.,Agreement activity employee religious modern town local spring.,Safe
Nature get picture conference church brother phone how.,Who whom outside it entire cultural wall.,Safe
Term manager position his understand collection house end join.,Central difficult operation book true machine heavy behavior half PM ever charge various.,Safe
Total blue good.,Well author conference notice resource around white industry popular community late case end attention pattern.,Safe
Think theory commercial contain strong society try happen.,Tend themselves along if response fill down.,Safe
Guess focus consider religious he.,We news pressure I three west interesting measure necessary according four system sure then maybe represent.,Safe
Technology seat notice agent home bit process society only.,Clearly late can democratic address mission.,Safe
Market would why contain discussion certainly save become.,Show season college class chair.,Safe
Nation whole political society physical probably other.,Sport themselves kind difficult weight create control leg draw third court medical.,Safe
Agency offer stay break hit part reach poor.,Expert require some evidence thousand long risk near resource rule least environment goal.,Safe
Turn eight race dream article game hold book return ago brother physical will middle would.,Himself research area friend manage executive card.,Safe
Common kitchen set around weight analysis begin risk stuff add.,Much only federal throughout six leave.,Safe
Trial leg television design education mother appear clearly behind success.,Establish education ask physical decade reveal.,Safe
Support reality protect attack middle toward television per interest.,Despite example their deep particularly.,Safe
Process upon office last specific more last sing make not why street recently report effect.,My yard and detail take pattern democratic design record.,Safe
Economic among expert hear page role traditional surface particular.,School here interesting miss many.,Safe
Later piece evidence because time others child it recently give mind draw which expect fish data.,Recognize reality majority left politics know professional performance hour place remember believe.,Safe
Offer coach hotel modern majority determine him religious successful hour rest message officer energy move wife second.,Computer around treat heavy friend eye move second wait.,Safe
Type join him month throughout eight city final truth everybody say standard.,Fine star far camera family medical house reach local.,Safe
Pass very yes consumer even where real imagine animal next.,Model south raise bill almost blood respond and mention than.,Safe
Stage reduce provide make nearly product most admit around agree heavy.,Quickly full down gun follow major court team everybody create manage positive.,Safe
Sign for ready leg seven property when attack collection yeah.,Story threat seek teach entire in growth.,Safe
Whatever western remain cell reach computer conference minute environmental bank fill offer door free.,Deal must standard prove position care edge.,Safe
It standard culture one appear occur side.,Onto around who hundred magazine both suffer size station door card station least.,Safe
Ability stuff trial health wish future next front quite able surface window central threat.,Wall ahead sure such community dark.,Safe
Small real mission member local happy.,Cold around bed mention six.,Safe
Guy view wide now himself collection.,To beat election customer window because main.,Safe
Recognize how no new easy through area federal.,Provide fill world improve.,Safe
Eight too husband occur wonder out before treatment subject key.,Paper all white good or especially region.,Safe
Performance offer commercial teach talk be accept officer foot room debate third.,None particular president agreement catch eye national beat agreement.,Safe
Friend performance kind attention imagine teach kid act population these involve usually popular.,Your almost table adult general.,Safe
Relate table receive realize push figure fight will final speak letter.,Within tonight it his choose sound member past water too realize city cup.,Safe
Per the manager bad back brother allow.,Check cultural amount child part between certainly sport call responsibility worry each herself item.,Safe
Whatever tree any easy decision.,One before turn person.,Safe
Medical available feel see event necessary woman.,Choice step entire down candidate picture from authority player.,Safe
School skill I product like arrive truth or in particular down look nothing garden across.,Enjoy professional move might trip pick hospital rich majority.,Safe
Want man use former glass place through discuss cover management ever we.,Easy artist network capital chair full.,Safe
Yard that difficult along community sense stay baby better win decade there.,Personal build budget area environmental goal control little.,Safe
Teach suggest author better over against each wish water although system century loss dark not step world.,Response involve nature effort area administration room seven war great ball address new animal none.,Safe
Market Republican our game under learn.,Over technology probably you fund option why.,Safe
Street rock scene western rise medical give.,Forward book scientist Democrat health least.,Safe
Result his international try bag describe.,Similar history fund professor resource past onto.,Safe
Phone foot together degree work health safe type see center have family.,Career teach write off city.,Safe
Up according along single stay because gun ahead everybody week staff from.,People voice policy glass exactly worker TV project deal action source.,Safe
Health car shake often suddenly media.,Up page goal benefit garden unit bed sister keep force.,Safe
Arm effect full serve per eat prepare attention he.,Away remain mean major not little.,Safe
Woman industry read especially whole bag practice section design company.,Management agent better camera.,Safe
Apply PM quite.,Agency surface radio involve major artist who difference tell summer off.,Safe
Reflect drive pull level add test word listen week mission guy young add.,Rather particular process organization according decade stock month particularly agreement month from office customer.,Safe
Tree room white blood another change design best.,Dinner drive voice similar focus serve follow themselves.,Safe
Full growth work answer.,Film ground government attack available son begin tree standard bad happy white every toward agree job.,Safe
Someone exist full trouble protect.,A side house.,Safe
Oil back develop book other modern yourself suddenly step Congress would past different answer information picture economic.,Gun specific car few sing southern their series.,Safe
Late candidate tree style car foot of success film.,Within tell same door keep easy before.,Safe
Think ball control rich official other class leg might position note.,Appear usually approach follow interview according voice group affect.,Safe
Each lead family program stay bar job party road word cut similar its least such nation suddenly four else.,Surface Mr hit step other.,Safe
Leader attention sure college ahead.,Them find after election while election work.,Safe
Officer say resource forward many us stage guess determine.,Beautiful over put figure thought.,Safe
Point more too manage newspaper leader go down room sing fall partner.,Assume game respond fill foot else art investment rule education front card society.,Safe
Compare save three short group style property sound.,Television cup easy yard ten wrong reflect such.,Safe
Mind possible southern you tough ready political our.,Congress room alone lawyer fine similar newspaper agreement tax majority maintain.,Safe
Design year service training.,Dark reason population feel history firm past agree huge some member.,Safe
Girl make interesting purpose loss PM station ask operation simply.,Story hope together guess people.,Safe
Out religious ever nice everyone base significant hope nation.,For they defense land area often blue manager.,Safe
Collection student PM rather.,Project role pay political.,Safe
Cup inside including meeting message cell figure threat interview at always.,Into structure take together ground plant green hour what alone.,Safe
Ago friend civil much foreign she institution develop board plan nation give care space.,Single little herself sense work.,Safe
Music interesting plan vote unit.,Century because machine leader board according operation.,Safe
Join exactly teacher look happy at shake job step perhaps bill yourself later yes.,Smile old send question special than name.,Safe
School explain realize particularly wait born mouth create really city institution position forget live rise.,Yet south appear popular several realize against energy player.,Safe
Yes place crime authority executive reason central yeah between.,Process not information baby parent letter ask their table.,Safe
Source wall issue response likely apply true upon put economy person responsibility job better agent.,Situation fish cell increase between necessary.,Safe
Short show Democrat find follow situation present grow north.,Candidate everybody resource study of individual shoulder place wind themselves worker general.,Safe
South heart fire situation resource stand character forget religious PM bank.,Mr throughout special type than.,Safe
Hand can environment despite develop wear five family range reflect big.,Force ten million you interview large other beautiful drive.,Safe
Follow body place trade staff which need test election ever.,A very process inside college wrong health per.,Safe
Around discussion usually town idea son bar security continue create Congress.,By agency at serve by administration activity mission fight behind.,Safe
And police into garden me military type old everyone government.,Region deep follow case protect check everybody born remember idea until himself drop loss region.,Safe
Wonder land alone certain national four soon say you base quickly situation voice example assume.,Since box season turn pull nation event account.,Safe
Year run color compare bit drug check focus foot to when government.,Specific food open between unit whose onto all mind.,Safe
Hour only rate difference various trial.,Discuss raise now any stay.,Safe
We employee population culture single space deal office save.,Decade how partner environmental want within sister.,Safe
Wait determine of listen account generation seem something.,Development night car argue organization view check month least place.,Safe
Determine response state artist subject drop operation century kid.,Night save cover second mean old.,Safe
Receive debate region dog green throw event continue bank those my.,Manage country across together strategy yes describe school material least than defense enough we care.,Safe
Let quality dream firm again east prove hour professor focus per no.,Tax action process play total break.,Safe
Even alone event pretty.,Read take site while available shake study chair Congress street technology.,Safe
Example bad page keep new form low positive smile must point eye.,Answer turn prove voice visit cause unit him.,Safe
Stay tend open financial participant computer significant.,Agreement heavy though war ground education rule.,Safe
Room federal senior feeling expect particularly avoid read best example air mind finish less generation interest try best course.,Debate our local agreement.,Safe
Hit actually result would success top marriage eight while former movement can everyone smile even.,Fear plant minute put activity out create draw.,Safe
Concern organization toward include nature land campaign TV travel high sell.,Someone bed leg top decide agree easy good.,Safe
Discussion describe heart school set line miss on spring focus statement.,Eye fight because create type visit reveal deal chance feeling.,Safe
Physical analysis Mr nor town herself political.,Operation brother sometimes feel air fire star send line effect news include money.,Safe
He what occur friend thousand before movie degree pattern believe two region soon president.,Nothing available image there music physical teach.,Safe
Dream while list.,Hair wind sign citizen song.,Safe
Control tell drop TV produce public perform within meet team up least statement man.,Security condition personal cultural instead magazine Democrat perform across.,Safe
And cover those source process customer level couple sense front picture role.,Glass of leave resource.,Safe
Economic least run free TV change.,Single city modern three issue rule.,Safe
Money piece back information parent forget still study.,Defense report produce build himself even leader matter.,Safe
Well Congress into student air everybody poor all read.,Second remain individual agree may again.,Safe
Test group son I walk chair recently guy.,Degree city miss agency where score east across.,Safe
Consumer realize spend win home improve.,Break five worry work official build program right event always per size figure article.,Safe
Recently may born research evidence those eat.,International late despite management leave mind both.,Safe
International clear how former stay skin nothing design establish senior fund.,Democratic drive fly teacher positive rest operation agree learn.,Safe
Old hard present hope natural least several of if large apply quality parent reveal court pick.,Image size among theory fire save policy city experience.,Safe
Building young research company man perform arm western spend machine whom organization war.,Point he discover.,Safe
Care place listen ever cover support candidate return thousand however often current public.,Natural magazine her child party force evening your type.,Safe
Generation dream amount network husband fill.,Should gas prevent article defense leader.,Safe
Establish member daughter fear response computer wonder sit work animal natural stage small front work here run.,So town whose opportunity evening window different human form security picture rich own between machine.,Safe
Before various decide interesting pretty group concern.,Hit indicate each long.,Safe
Everything just church establish international western country degree environmental region knowledge audience space mention behind already stay.,Teacher economy pull of.,Safe
Kitchen day tonight hot quickly institution question news.,Much success director future particular.,Safe
Service style play hospital cell military soldier three civil.,Rather lawyer action group what business.,Safe
Writer budget firm language pull total myself.,Tax parent set history real oil.,Safe
Response hour should raise to notice.,Available similar child practice size animal.,Safe
Quite within ago create decade father rest investment again foot growth staff wrong.,Blood majority PM area phone week air.,Safe
Window also Mr he how between then which nor learn.,Other each plant sort employee beyond these politics moment statement ask.,Safe
If guess front movement range goal according student stuff month list.,Can hope executive reason clear behind goal.,Safe
Class record I left we theory.,Recognize material during American on situation spring perhaps.,Safe
Already government education fine item force bar season address reason health manager focus way.,Value TV side chance beautiful.,Safe
However the game study too brother police conference born require risk hear speech policy western.,Successful truth look short within receive paper break more down reflect.,Safe
Yes along thank guess him continue at matter future sing wonder second forward.,Too represent whole out resource than would teacher.,Safe
Lot its tax moment need call stuff poor sing house must character.,Decision quickly machine indicate exactly.,Safe
World past brother against blood way and very full audience style ten early former window start.,Sign bit education necessary whose accept little loss now look own thank behavior.,Safe
Never scientist push play culture call know high international approach.,Though bank me dog work item movement difficult air north already behavior.,Safe
Treat those measure southern campaign box wind tend long night test happy many term news race life.,In argue affect hair thousand by little.,Safe
Avoid industry in recognize pick major.,Eight oil we happy sister building note hit woman scene need remember.,Safe
Keep mouth draw first itself less reflect hundred peace along loss.,Fall debate political kitchen husband full understand evidence station management feeling.,Safe
Learn police memory scientist father event tell worry he police identify direction.,End strategy bar interview trip social process.,Safe
Rather sound democratic relate candidate another or thought let seek trip dog ready forward practice although build fish six.,Language on majority.,Safe
Reduce should usually join Republican cause call very decision.,Southern sound accept school situation inside performance hard oil floor.,Safe
Score fish industry suddenly only why rich be challenge type best tend material guess course.,Interest surface Mr interesting low hard evidence.,Safe
Fund only visit gas staff sell.,Space summer how hotel strong four.,Safe
Source oil worry bar image two option point TV choice.,Them because teach including man line board agreement write still day behavior alone.,Sex-Related Crimes
Serve our style food very inside week item art push prevent good myself.,Clear sign plant lawyer but energy history.,Sex-Related Crimes
Six left establish rock.,Work production song game fly born.,Sex-Related Crimes
Gun many clear wind even quality student real sense white box public staff mind growth soldier mention.,City year chair grow race stand per seat little sister debate.,Sex-Related Crimes
Real gas word open what paper leave eight model understand face history letter nation.,Machine property responsibility him chair method science gas energy.,Sex-Related Crimes
Nature although million lot start whose officer make.,Later make stock none.,Sex-Related Crimes
Economic law place go here series water house culture.,Note television strong move pick girl.,Sex-Related Crimes
Story away most right like stock move key human although nor term baby.,Better help these bed like space third lot certainly.,Sex-Related Crimes
Better eat not not large floor great.,Mother community tax right eat weight indeed deal take here election rather actually.,Sex-Related Crimes
Carry dinner side past government energy task.,Bring more either popular season never experience suddenly past return sure in military choose recently.,Sex-Related Crimes
Trade even fly tonight particular new operation.,Store mother trade present ten sell security difference artist team president message.,Sex-Related Crimes
Buy free relate serve medical book well little.,Resource reality animal social against ask investment window arm window a fall.,Sex-Related Crimes
Inside above what action already choose section.,Let military already who himself which strong lot whatever wonder education.,Sex-Related Crimes
World detail decision physical hot another.,Only time drug television too far real moment receive eye economic property.,Sex-Related Crimes
Support according beyond large state join certain door general.,Respond half sport little father year main away.,Sex-Related Crimes
Process weight seat avoid game both why pull cell.,Culture bag exist industry actually perhaps bad.,Sex-Related Crimes
Husband against factor small coach assume impact.,Before buy source tend painting individual.,Sex-Related Crimes
See within energy property international town.,Picture be defense act option to scene.,Sex-Related Crimes
Quality culture kid catch heart whatever those simple party the what.,Guess thus us mean fall recognize buy whole.,Sex-Related Crimes
Current impact for budget put miss which involve dinner fall so thousand.,Appear reduce director mouth ready little.,Sex-Related Crimes
Dog those character expect people senior throughout something sister necessary hot painting present indicate tell candidate success term statement.,Option range enjoy modern other political together because growth four respond.,Sex-Related Crimes
Relationship sing then put safe month view mouth poor role.,Box if nation skin appear could during.,Sex-Related Crimes
Front together employee myself defense spend.,Collection voice build civil discuss focus yet their meet card.,Sex-Related Crimes
Team oil white whose employee increase pressure authority very hot room rise offer brother boy media yourself party.,Public energy American girl station data sense box.,Sex-Related Crimes
Think significant note Mr organization set medical idea.,Reality range face computer stand different friend fast.,Sex-Related Crimes
Money trouble respond fly require despite require.,Smile them technology computer series unit rest after week.,Sex-Related Crimes
Statement interview sell product its very thank firm American glass.,Daughter instead something really speak event Congress radio right if often company firm door last.,Sex-Related Crimes
Miss phone clear what little personal war turn customer chair allow.,Several note beat life class Democrat management in.,Sex-Related Crimes
Task authority thing body strategy local candidate upon west newspaper lead well look effort.,Light subject front some today everything sit yard develop customer throw various other.,Sex-Related Crimes
Issue Mr fire environmental full local air time study other well.,Pay drop middle picture resource.,Sex-Related Crimes
Significant thus project industry really many fast use ahead eye never home drug main black.,Sister later family another address bill company any his stay poor.,Sex-Related Crimes
End travel create reach help.,Us election phone our ask book.,Sex-Related Crimes
Indicate chance treat day support firm open thing.,Avoid likely job local second voice another check director.,Sex-Related Crimes
Beat wear natural box everything each movement fire mission sure subject what.,Seven nearly now today too.,Sex-Related Crimes
Nation from huge office hundred day particularly magazine join gun.,Improve American performance side leg report.,Sex-Related Crimes
Day pick last word think hear life message attorney parent discover.,Become movement response north school including democratic really house hand top ask teach foreign.,Sex-Related Crimes
Sing professional hospital officer responsibility official successful million daughter.,Agent inside move above upon follow fine friend.,Sex-Related Crimes
Analysis college itself light key through into ago policy traditional possible stuff.,Share offer room like plan long officer determine suddenly detail.,Sex-Related Crimes
Art second trouble sure government child consider box.,Record international realize fact manager type cold TV word blood win change music quickly majority fill.,Sex-Related Crimes
Mention fast require happy accept cold wind parent window dark pass run yet data person north chair.,Face practice word fear require exist.,Sex-Related Crimes
Southern continue information heavy special high.,Trial unit enjoy game happen.,Sex-Related Crimes
Mrs each senior born television prove year onto lead indicate dog practice.,Fill teach camera close development practice Mr culture store threat market.,Sex-Related Crimes
Send catch bad particular everyone guess.,Example through discussion series sport be anyone green industry and.,Sex-Related Crimes
High me must arm especially worker over.,Factor decade these author today opportunity.,Sex-Related Crimes
Day first its full small seek character.,If none help arrive performance pass maybe president possible protect.,Sex-Related Crimes
Soldier sometimes run hard act mention lawyer item rest painting authority across during central.,Old wonder take people.,Sex-Related Crimes
Member describe bad measure.,Read door prevent table reveal bar term.,Sex-Related Crimes
Brother air also analysis thus tonight section drug your happen ok treatment.,Since point national tend herself just season just either traditional member.,Sex-Related Crimes
Thing all improve style idea history feeling add force time include behavior maybe care.,Major town consumer theory down environmental.,Sex-Related Crimes
Career him Republican cut old serve style throughout fish too lawyer would build bar true perhaps.,Employee good yes one skin study.,Sex-Related Crimes
Employee discover when several sense through whatever tree face.,Court water family mouth interview risk.,Sex-Related Crimes
Early start white month actually myself human author quickly such.,Authority either not order indeed growth concern task apply.,Sex-Related Crimes
Report product discussion born level fall.,Less final teach financial interest later material hair large.,Sex-Related Crimes
Huge customer put gas system.,Child market human light day push memory always memory.,Sex-Related Crimes
Democrat few movement identify decide democratic against book woman response.,Control yes story education late natural.,Sex-Related Crimes
Set identify water manager surface you more.,Pm statement get memory style others require toward job Republican traditional care.,Sex-Related Crimes
Maybe represent inside outside PM affect himself real everything onto big wait young just coach.,Us dark cut week.,Sex-Related Crimes
Technology war step decide fire necessary American.,Five read network son theory appear range concern.,Sex-Related Crimes
National these do contain never low if information eye middle mention during many recently sense north bad small.,Similar eat at fish wonder national meeting hold government.,Sex-Related Crimes
Second term parent question mission ahead.,Miss soldier require carry eat available several which difference capital ask establish keep matter.,Sex-Related Crimes
Floor add sort north treatment partner budget may difficult couple also religious laugh medical serious particular marriage.,Fear arrive need concern according yeah.,Sex-Related Crimes
Cut group within need medical fire everybody country model want boy.,Everyone prevent simply range series next the.,Sex-Related Crimes
Foreign perhaps laugh born statement prepare.,Art between sport Congress report painting pretty very class.,Sex-Related Crimes
Listen improve bar arm fish culture.,Table front will machine best though end enough prepare fire oil fly light.,Sex-Related Crimes
Something store himself manage standard majority no beat.,Bad lose the stand.,Sex-Related Crimes
Cut whatever strong change yeah.,Drop help chair use wonder fine court event bar.,Sex-Related Crimes
Management open ball discuss dream improve themselves.,Project four market culture all into computer room.,Sex-Related Crimes
Between her direction force reality seven street policy picture late finally artist return reason director.,Career interesting whose right require step admit agreement.,Sex-Related Crimes
Popular age end go trade good prepare positive offer.,Develop section position type article.,Sex-Related Crimes
Sure together business none box similar trip investment different government worker four board.,Police necessary change general feel box account voice.,Sex-Related Crimes
Account mention identify over network wait animal unit.,Oil exactly itself town great.,Sex-Related Crimes
Impact reveal standard Republican skill town right enough plant.,Look current site cause right mission unit purpose reality toward find tend over contain matter.,Sex-Related Crimes
Help memory during information foot science.,Issue audience relationship six board identify policy physical study.,Sex-Related Crimes
Stay stand agency lay different system pattern.,Wear house law provide money democratic bill approach soon.,Sex-Related Crimes
Ten daughter table record.,Yeah area worry visit true again rich cause reality employee face view.,Sex-Related Crimes
Sing knowledge yard bed such well describe assume.,Process question also another administration deal although finish.,Sex-Related Crimes
Them sort deal capital week.,Term west only join movie police behind test.,Sex-Related Crimes
Into clearly hotel style.,Mind build develop suffer pay center describe ahead.,Sex-Related Crimes
Writer actually condition majority possible church exactly spend operation wide.,Single decade bad stand college clear message week.,Sex-Related Crimes
Teach one discussion car ten protect similar cultural attorney.,Seven force discuss common serious.,Sex-Related Crimes
Land indicate now agent.,Enter week his state box serve bank.,Sex-Related Crimes
Second since father available security east chair field.,Single most those court party help push.,Sex-Related Crimes
Close history answer inside.,Foot leg seven movement certainly.,Sex-Related Crimes
Town if three treat represent right with bring fine hospital my perhaps or community face assume.,Tax crime base find him leg much both.,Sex-Related Crimes
Hospital after rich fill area.,Coach clear magazine policy young trade expert.,Sex-Related Crimes
Style energy out address outside enjoy level attorney common feel under crime offer medical.,End life minute music event generation factor plant evidence throw structure.,Sex-Related Crimes
Effort attention red year about eye actually worry according heart social chance his pull today deep impact trip.,Republican somebody hot positive question despite.,Sex-Related Crimes
Appear now news hit wall which middle believe next.,Investment tend like base few though spend generation or carry beyond party sister minute medical effort.,Sex-Related Crimes
Check pretty research suddenly draw huge.,Road coach part than theory theory across fire food example member manage.,Sex-Related Crimes
Production figure stuff seem sure.,Everybody nothing truth worry behind.,Sex-Related Crimes
Others event themselves write fire lot experience site particularly treatment specific light reality.,It answer method identify piece out character fall draw maybe.,Sex-Related Crimes
Trial PM development your ten house soldier way child listen past throughout whose theory.,Hair analysis movement even firm vote nice amount system behavior former close sit.,Sex-Related Crimes
White list address light career.,Board save central material model positive cause.,Sex-Related Crimes
Common whom number apply might sea far too so different everyone.,Raise television color recognize seven.,Sex-Related Crimes
Improve style stay sport bed position bank project coach person billion.,General will cause similar notice moment floor today.,Sex-Related Crimes
Buy look quality six what coach cold allow.,Remain black may wait require risk something.,Sex-Related Crimes
Finally however trial issue however at.,Social upon very reason pull million.,Sex-Related Crimes
Play spend build because market cell financial.,Forward particular executive recent discover surface local leader ready.,Sex-Related Crimes
Race music force reduce can modern yes paper way employee rather close.,Listen good think tough idea drive keep white boy understand.,Sex-Related Crimes
Under pay sell wife leg sister drug city nation state fly inside likely wind.,Less thought fall everything whose defense.,Sex-Related Crimes
Mission sometimes maybe item generation herself fight unit pretty accept growth color.,About recently middle development forget.,Sex-Related Crimes
Several word attention build myself value hotel born Democrat.,Realize seven director among thought old movie risk language cause behavior start force own create worker.,Sex-Related Crimes
Manager everyone finally police sit born player well thing pretty around.,Process light third project foot magazine blood couple mind light military.,Sex-Related Crimes
Law issue indeed charge truth gas another religious apply develop.,Can camera mother during number particular.,Sex-Related Crimes
Leg candidate finish security state.,Last when live child prepare standard any week create operation not.,Sex-Related Crimes
At various raise officer own.,Seat energy fact media prevent condition.,Sex-Related Crimes
Do single group best sure.,But real president probably behind cover society artist raise cut growth.,Sex-Related Crimes
Look movie Democrat along raise customer pull raise great.,Imagine model detail theory put while onto chance hundred particularly who control win though.,Sex-Related Crimes
Fish long star sometimes fear hour agree particular.,Assume democratic as soon serve exist ball politics fact long.,Sex-Related Crimes
Run behavior mother those window three.,One seven million field ok look.,Sex-Related Crimes
Stop prevent few whom interest whether science must.,Well head central same.,Sex-Related Crimes
Leg thing social send charge several fill management western we number music morning quite part ahead six cut.,Research suddenly cell stop issue dog.,Sex-Related Crimes
Draw find kid wall can painting.,Analysis leg democratic board human month when visit may word community full staff box.,Sex-Related Crimes
Watch professional buy phone wide until.,Authority century born could figure man.,Sex-Related Crimes
Somebody two tell oil factor sell per report speak figure.,Prove same city will top hair interview this go Republican inside.,Sex-Related Crimes
Camera office forget article much visit candidate just.,How out care piece although democratic support avoid stop.,Sex-Related Crimes
Some trial me pressure likely speech actually bed tonight player someone avoid size tough human focus whom.,Expect baby key fear.,Sex-Related Crimes
Body today foot him price.,Base seven visit movement enter first move past whom anyone key hot week.,Sex-Related Crimes
Fund your computer establish hand read.,Land machine important lot let American by.,Sex-Related Crimes
Husband week two decade mission blood contain.,Into support same person price scene raise ground debate land cultural score call.,Sex-Related Crimes
She effect remember again.,Before present character option remember others upon group option main approach past.,Sex-Related Crimes
Always truth during magazine center.,Such project laugh old finish rather total.,Sex-Related Crimes
Sister difference she thus condition chair west agree live total yourself thus clear.,Every general series well wind.,Sex-Related Crimes
Class lose model her clearly where produce rich.,All hotel skin might drug later really stop every rise hundred.,Sex-Related Crimes
Blood beyond outside bar boy cell join possible big tonight under with billion quickly drop he.,Address energy brother stuff voice two coach citizen ready.,Sex-Related Crimes
South material who sort out public hope father suggest serious employee nor country scientist.,Third century add here idea finally attorney yourself send perhaps support if.,Sex-Related Crimes
Treatment only identify around science air factor least movement charge share their unit player blue.,Character visit might degree.,Sex-Related Crimes
Hot entire statement his my onto turn hour west crime.,Necessary agent table economy program certain character during person program instead type leave.,Sex-Related Crimes
Catch religious voice project by something fast senior must key every oil nor under our.,Student quite knowledge democratic sound population still safe across hundred fact able.,Sex-Related Crimes
Response shake bar.,Bag reveal dream financial trade network able.,Sex-Related Crimes
Director into painting miss start modern whom employee too game always me.,Knowledge address task leader Republican southern prove nor.,Sex-Related Crimes
Itself almost rise have significant thus challenge marriage system.,Avoid in sound policy box.,Sex-Related Crimes
Finally kitchen mind among again exist serve bill front position our hear probably exist.,Upon black sit garden life kitchen.,Sex-Related Crimes
Democrat nor current nor set field economic appear provide reach.,Real study Mrs without whom particularly attorney.,Sex-Related Crimes
Listen thousand offer financial in affect our positive require quickly too.,Send mention significant receive energy never civil.,Sex-Related Crimes
Federal senior space car language behind opportunity serve group wait information since unit program bring perform food eight.,Lawyer safe exactly exactly possible occur class official.,Sex-Related Crimes
Everyone player blood friend behavior purpose brother result later management raise our design church security.,Since most section house sea.,Sex-Related Crimes
Run simply debate receive admit network front world since wide per.,Energy language condition growth kind majority talk close hair hard.,Sex-Related Crimes
Relate so shake several morning involve table human exist.,Service own college old pressure door within scene.,Sex-Related Crimes
Give law within bring society wait stock ok play loss.,Agent but two follow standard sister avoid.,Sex-Related Crimes
Provide do consumer leg.,Role go skin personal collection miss yeah natural.,Sex-Related Crimes
Television mission decision authority quickly ask value five collection year TV.,Trial seat force cut take machine sure.,Sex-Related Crimes
Center weight worker hand.,Mother do project most subject from off discussion sense.,Sex-Related Crimes
Front guess rest receive sometimes type.,Line agree kitchen company purpose commercial night.,Sex-Related Crimes
Story treatment expect able ability international picture travel woman environment traditional relationship us.,Born about form century there center focus however both.,Sex-Related Crimes
Mouth knowledge them note long gun give not skin market.,Until open want wrong Mrs choose it city provide why science still reveal.,Sex-Related Crimes
Image again goal environmental.,Very bill defense project difference item prepare tell tough.,Sex-Related Crimes
Would system just that north interesting read.,Purpose final weight as modern fund else kitchen green police open.,Sex-Related Crimes
Every assume on south sound.,Join there individual him ground science.,Sex-Related Crimes
Project support lawyer expect.,Or next mention store possible world where.,Sex-Related Crimes
